root_index,xl,xu,x,relative_error,tol,iter,function,method
0,1.8000000000,2.1000000000,1.8000000000,16.6666666667,0.0001000000,1,(x/2) - tan(2*x),Bissection
0,1.9500000000,2.1000000000,1.9500000000,7.6923076923,0.0001000000,2,(x/2) - tan(2*x),Bissection
0,1.9500000000,2.0250000000,2.0250000000,3.7037037037,0.0001000000,3,(x/2) - tan(2*x),Bissection
0,1.9500000000,1.9875000000,1.9875000000,1.8867924528,0.0001000000,4,(x/2) - tan(2*x),Bissection
0,1.9500000000,1.9687500000,1.9687500000,0.9523809524,0.0001000000,5,(x/2) - tan(2*x),Bissection
0,1.9500000000,1.9593750000,1.9593750000,0.4784688995,0.0001000000,6,(x/2) - tan(2*x),Bissection
0,1.9546875000,1.9593750000,1.9546875000,0.2398081535,0.0001000000,7,(x/2) - tan(2*x),Bissection
0,1.9570312500,1.9593750000,1.9570312500,0.1197604790,0.0001000000,8,(x/2) - tan(2*x),Bissection
0,1.9582031250,1.9593750000,1.9582031250,0.0598444045,0.0001000000,9,(x/2) - tan(2*x),Bissection
0,1.9582031250,1.9587890625,1.9587890625,0.0299132516,0.0001000000,10,(x/2) - tan(2*x),Bissection
0,1.9582031250,1.9584960938,1.9584960938,0.0149588631,0.0001000000,11,(x/2) - tan(2*x),Bissection
0,1.9582031250,1.9583496094,1.9583496094,0.0074799910,0.0001000000,12,(x/2) - tan(2*x),Bissection
0,1.9582031250,1.9582763672,1.9582763672,0.0037401354,0.0001000000,13,(x/2) - tan(2*x),Bissection
0,1.9582031250,1.9582397461,1.9582397461,0.0018701027,0.0001000000,14,(x/2) - tan(2*x),Bissection
0,1.9582031250,1.9582214355,1.9582214355,0.0009350601,0.0001000000,15,(x/2) - tan(2*x),Bissection
0,1.9582122803,1.9582214355,1.9582122803,0.0004675322,0.0001000000,16,(x/2) - tan(2*x),Bissection
0,1.9582168579,1.9582214355,1.9582168579,0.0002337656,0.0001000000,17,(x/2) - tan(2*x),Bissection
0,1.9582168579,1.9582191467,1.9582191467,0.0001168826,0.0001000000,18,(x/2) - tan(2*x),Bissection
0,1.9582168579,1.9582180023,1.9582180023,0.0000584414,0.0001000000,19,(x/2) - tan(2*x),Bissection
1,3.3500000000,3.7000000000,3.3500000000,10.4477611940,0.0001000000,1,(x/2) - tan(2*x),Bissection
1,3.5250000000,3.7000000000,3.5250000000,4.9645390071,0.0001000000,2,(x/2) - tan(2*x),Bissection
1,3.6125000000,3.7000000000,3.6125000000,2.4221453287,0.0001000000,3,(x/2) - tan(2*x),Bissection
1,3.6562500000,3.7000000000,3.6562500000,1.1965811966,0.0001000000,4,(x/2) - tan(2*x),Bissection
1,3.6562500000,3.6781250000,3.6781250000,0.5947323704,0.0001000000,5,(x/2) - tan(2*x),Bissection
1,3.6671875000,3.6781250000,3.6671875000,0.2982530890,0.0001000000,6,(x/2) - tan(2*x),Bissection
1,3.6726562500,3.6781250000,3.6726562500,0.1489044884,0.0001000000,7,(x/2) - tan(2*x),Bissection
1,3.6753906250,3.6781250000,3.6753906250,0.0743968541,0.0001000000,8,(x/2) - tan(2*x),Bissection
1,3.6767578125,3.6781250000,3.6767578125,0.0371845950,0.0001000000,9,(x/2) - tan(2*x),Bissection
1,3.6774414062,3.6781250000,3.6774414062,0.0185888414,0.0001000000,10,(x/2) - tan(2*x),Bissection
1,3.6777832031,3.6781250000,3.6777832031,0.0092935569,0.0001000000,11,(x/2) - tan(2*x),Bissection
1,3.6779541016,3.6781250000,3.6779541016,0.0046465625,0.0001000000,12,(x/2) - tan(2*x),Bissection
1,3.6779541016,3.6780395508,3.6780395508,0.0023232273,0.0001000000,13,(x/2) - tan(2*x),Bissection
1,3.6779541016,3.6779968262,3.6779968262,0.0011616271,0.0001000000,14,(x/2) - tan(2*x),Bissection
1,3.6779541016,3.6779754639,3.6779754639,0.0005808169,0.0001000000,15,(x/2) - tan(2*x),Bissection
1,3.6779541016,3.6779647827,3.6779647827,0.0002904093,0.0001000000,16,(x/2) - tan(2*x),Bissection
1,3.6779594421,3.6779647827,3.6779594421,0.0001452049,0.0001000000,17,(x/2) - tan(2*x),Bissection
1,3.6779621124,3.6779647827,3.6779621124,0.0000726024,0.0001000000,18,(x/2) - tan(2*x),Bissection
2,5.1750000000,5.3500000000,5.1750000000,3.3816425121,0.0001000000,1,(x/2) - tan(2*x),Bissection
2,5.2625000000,5.3500000000,5.2625000000,1.6627078385,0.0001000000,2,(x/2) - tan(2*x),Bissection
2,5.3062500000,5.3500000000,5.3062500000,0.8244994111,0.0001000000,3,(x/2) - tan(2*x),Bissection
2,5.3062500000,5.3281250000,5.3281250000,0.4105571848,0.0001000000,4,(x/2) - tan(2*x),Bissection
2,5.3171875000,5.3281250000,5.3171875000,0.2057008522,0.0001000000,5,(x/2) - tan(2*x),Bissection
2,5.3171875000,5.3226562500,5.3226562500,0.1027447527,0.0001000000,6,(x/2) - tan(2*x),Bissection
2,5.3171875000,5.3199218750,5.3199218750,0.0513987811,0.0001000000,7,(x/2) - tan(2*x),Bissection
2,5.3171875000,5.3185546875,5.3185546875,0.0257059968,0.0001000000,8,(x/2) - tan(2*x),Bissection
2,5.3178710937,5.3185546875,5.3178710937,0.0128546506,0.0001000000,9,(x/2) - tan(2*x),Bissection
2,5.3178710937,5.3182128906,5.3182128906,0.0064269122,0.0001000000,10,(x/2) - tan(2*x),Bissection
2,5.3178710937,5.3180419922,5.3180419922,0.0032135594,0.0001000000,11,(x/2) - tan(2*x),Bissection
2,5.3178710937,5.3179565430,5.3179565430,0.0016068055,0.0001000000,12,(x/2) - tan(2*x),Bissection
2,5.3179138184,5.3179565430,5.3179138184,0.0008034092,0.0001000000,13,(x/2) - tan(2*x),Bissection
2,5.3179138184,5.3179351807,5.3179351807,0.0004017030,0.0001000000,14,(x/2) - tan(2*x),Bissection
2,5.3179244995,5.3179351807,5.3179244995,0.0002008519,0.0001000000,15,(x/2) - tan(2*x),Bissection
2,5.3179244995,5.3179298401,5.3179298401,0.0001004258,0.0001000000,16,(x/2) - tan(2*x),Bissection
2,5.3179244995,5.3179271698,5.3179271698,0.0000502129,0.0001000000,17,(x/2) - tan(2*x),Bissection
3,6.7000000000,7.0000000000,6.7000000000,4.4776119403,0.0001000000,1,(x/2) - tan(2*x),Bissection
3,6.8500000000,7.0000000000,6.8500000000,2.1897810219,0.0001000000,2,(x/2) - tan(2*x),Bissection
3,6.9250000000,7.0000000000,6.9250000000,1.0830324910,0.0001000000,3,(x/2) - tan(2*x),Bissection
3,6.9250000000,6.9625000000,6.9625000000,0.5385996409,0.0001000000,4,(x/2) - tan(2*x),Bissection
3,6.9250000000,6.9437500000,6.9437500000,0.2700270027,0.0001000000,5,(x/2) - tan(2*x),Bissection
3,6.9250000000,6.9343750000,6.9343750000,0.1351960342,0.0001000000,6,(x/2) - tan(2*x),Bissection
3,6.9250000000,6.9296875000,6.9296875000,0.0676437430,0.0001000000,7,(x/2) - tan(2*x),Bissection
3,6.9273437500,6.9296875000,6.9273437500,0.0338333145,0.0001000000,8,(x/2) - tan(2*x),Bissection
3,6.9273437500,6.9285156250,6.9285156250,0.0169137960,0.0001000000,9,(x/2) - tan(2*x),Bissection
3,6.9279296875,6.9285156250,6.9279296875,0.0084576133,0.0001000000,10,(x/2) - tan(2*x),Bissection
3,6.9279296875,6.9282226562,6.9282226562,0.0042286278,0.0001000000,11,(x/2) - tan(2*x),Bissection
3,6.9279296875,6.9280761719,6.9280761719,0.0021143586,0.0001000000,12,(x/2) - tan(2*x),Bissection
3,6.9280029297,6.9280761719,6.9280029297,0.0010571905,0.0001000000,13,(x/2) - tan(2*x),Bissection
3,6.9280395508,6.9280761719,6.9280395508,0.0005285924,0.0001000000,14,(x/2) - tan(2*x),Bissection
3,6.9280578613,6.9280761719,6.9280578613,0.0002642955,0.0001000000,15,(x/2) - tan(2*x),Bissection
3,6.9280578613,6.9280670166,6.9280670166,0.0001321476,0.0001000000,16,(x/2) - tan(2*x),Bissection
3,6.9280624390,6.9280670166,6.9280624390,0.0000660738,0.0001000000,17,(x/2) - tan(2*x),Bissection
4,9.8500000000,10.2000000000,9.8500000000,3.5532994924,0.0001000000,1,(x/2) - tan(2*x),Bissection
4,10.0250000000,10.2000000000,10.0250000000,1.7456359102,0.0001000000,2,(x/2) - tan(2*x),Bissection
4,10.1125000000,10.2000000000,10.1125000000,0.8652657602,0.0001000000,3,(x/2) - tan(2*x),Bissection
4,10.1125000000,10.1562500000,10.1562500000,0.4307692308,0.0001000000,4,(x/2) - tan(2*x),Bissection
4,10.1125000000,10.1343750000,10.1343750000,0.2158495220,0.0001000000,5,(x/2) - tan(2*x),Bissection
4,10.1125000000,10.1234375000,10.1234375000,0.1080413644,0.0001000000,6,(x/2) - tan(2*x),Bissection
4,10.1125000000,10.1179687500,10.1179687500,0.0540498803,0.0001000000,7,(x/2) - tan(2*x),Bissection
4,10.1125000000,10.1152343750,10.1152343750,0.0270322456,0.0001000000,8,(x/2) - tan(2*x),Bissection
4,10.1125000000,10.1138671875,10.1138671875,0.0135179499,0.0001000000,9,(x/2) - tan(2*x),Bissection
4,10.1125000000,10.1131835937,10.1131835937,0.0067594318,0.0001000000,10,(x/2) - tan(2*x),Bissection
4,10.1125000000,10.1128417969,10.1128417969,0.0033798301,0.0001000000,11,(x/2) - tan(2*x),Bissection
4,10.1125000000,10.1126708984,10.1126708984,0.0016899436,0.0001000000,12,(x/2) - tan(2*x),Bissection
4,10.1125000000,10.1125854492,10.1125854492,0.0008449790,0.0001000000,13,(x/2) - tan(2*x),Bissection
4,10.1125427246,10.1125854492,10.1125427246,0.0004224913,0.0001000000,14,(x/2) - tan(2*x),Bissection
4,10.1125427246,10.1125640869,10.1125640869,0.0002112452,0.0001000000,15,(x/2) - tan(2*x),Bissection
4,10.1125427246,10.1125534058,10.1125534058,0.0001056227,0.0001000000,16,(x/2) - tan(2*x),Bissection
4,10.1125480652,10.1125534058,10.1125480652,0.0000528114,0.0001000000,17,(x/2) - tan(2*x),Bissection
0,1.5000000000,1.8305062197,1.8305062197,14.7223635431,0.0001000000,1,(x/2) - tan(2*x),False Position
0,1.5000000000,2.0372431094,2.0372431094,10.1478752743,0.0001000000,2,(x/2) - tan(2*x),False Position
0,1.5000000000,1.8921041189,1.8921041189,7.6707718702,0.0001000000,3,(x/2) - tan(2*x),False Position
0,1.5000000000,2.0034746802,2.0034746802,5.5588704163,0.0001000000,4,(x/2) - tan(2*x),False Position
0,1.5000000000,1.9219368695,1.9219368695,4.2424812202,0.0001000000,5,(x/2) - tan(2*x),False Position
0,1.5000000000,1.9842005305,1.9842005305,3.1379721998,0.0001000000,6,(x/2) - tan(2*x),False Position
0,1.5000000000,1.9379098388,1.9379098388,2.3886917122,0.0001000000,7,(x/2) - tan(2*x),False Position
0,1.5000000000,1.9731037910,1.9731037910,1.7836847915,0.0001000000,8,(x/2) - tan(2*x),False Position
0,1.5000000000,1.9467555514,1.9467555514,1.3534436657,0.0001000000,9,(x/2) - tan(2*x),False Position
0,1.5000000000,1.9667264693,1.9667264693,1.0154395263,0.0001000000,10,(x/2) - tan(2*x),False Position
0,1.5000000000,1.9517228400,1.9517228400,0.7687377005,0.0001000000,11,(x/2) - tan(2*x),False Position
0,1.5000000000,1.9630729895,1.9630729895,0.5781827524,0.0001000000,12,(x/2) - tan(2*x),False Position
0,1.5000000000,1.9545301749,1.9545301749,0.4370776497,0.0001000000,13,(x/2) - tan(2*x),False Position
0,1.5000000000,1.9609852087,1.9609852087,0.3291729980,0.0001000000,14,(x/2) - tan(2*x),False Position
0,1.5000000000,1.9561218643,1.9561218643,0.2486217509,0.0001000000,15,(x/2) - tan(2*x),False Position
0,1.5000000000,1.9597941288,1.9597941288,0.1873801171,0.0001000000,16,(x/2) - tan(2*x),False Position
0,1.5000000000,1.9570258279,1.9570258279,0.1414544895,0.0001000000,17,(x/2) - tan(2*x),False Position
0,1.5000000000,1.9591153121,1.9591153121,0.1066544787,0.0001000000,18,(x/2) - tan(2*x),False Position
0,1.5000000000,1.9575396804,1.9575396804,0.0804904131,0.0001000000,19,(x/2) - tan(2*x),False Position
0,1.5000000000,1.9587286779,1.9587286779,0.0607025147,0.0001000000,20,(x/2) - tan(2*x),False Position
0,1.5000000000,1.9578319234,1.9578319234,0.0458034460,0.0001000000,21,(x/2) - tan(2*x),False Position
0,1.5000000000,1.9585085403,1.9585085403,0.0345475551,0.0001000000,22,(x/2) - tan(2*x),False Position
0,1.5000000000,1.9579981775,1.9579981775,0.0260655384,0.0001000000,23,(x/2) - tan(2*x),False Position
0,1.5000000000,1.9583832262,1.9583832262,0.0196615603,0.0001000000,24,(x/2) - tan(2*x),False Position
0,1.5000000000,1.9580927727,1.9580927727,0.0148334900,0.0001000000,25,(x/2) - tan(2*x),False Position
0,1.5000000000,1.9583118991,1.9583118991,0.0111895562,0.0001000000,26,(x/2) - tan(2*x),False Position
0,1.5000000000,1.9581466003,1.9581466003,0.0084415954,0.0001000000,27,(x/2) - tan(2*x),False Position
0,1.5000000000,1.9582713034,1.9582713034,0.0063680200,0.0001000000,28,(x/2) - tan(2*x),False Position
0,1.5000000000,1.9581772314,1.9581772314,0.0048040585,0.0001000000,29,(x/2) - tan(2*x),False Position
0,1.5000000000,1.9582481993,1.9582481993,0.0036240491,0.0001000000,30,(x/2) - tan(2*x),False Position
0,1.5000000000,1.9581946629,1.9581946629,0.0027339685,0.0001000000,31,(x/2) - tan(2*x),False Position
0,1.5000000000,1.9582350504,1.9582350504,0.0020624462,0.0001000000,32,(x/2) - tan(2*x),False Position
0,1.5000000000,1.9582045829,1.9582045829,0.0015558923,0.0001000000,33,(x/2) - tan(2*x),False Position
0,1.5000000000,1.9582275673,1.9582275673,0.0011737364,0.0001000000,34,(x/2) - tan(2*x),False Position
0,1.5000000000,1.9582102282,1.9582102282,0.0008854541,0.0001000000,35,(x/2) - tan(2*x),False Position
0,1.5000000000,1.9582233086,1.9582233086,0.0006679719,0.0001000000,36,(x/2) - tan(2*x),False Position
0,1.5000000000,1.9582134410,1.9582134410,0.0005039098,0.0001000000,37,(x/2) - tan(2*x),False Position
0,1.5000000000,1.9582208850,1.9582208850,0.0003801417,0.0001000000,38,(x/2) - tan(2*x),False Position
0,1.5000000000,1.9582152694,1.9582152694,0.0002867740,0.0001000000,39,(x/2) - tan(2*x),False Position
0,1.5000000000,1.9582195057,1.9582195057,0.0002163380,0.0001000000,40,(x/2) - tan(2*x),False Position
0,1.5000000000,1.9582163099,1.9582163099,0.0001632025,0.0001000000,41,(x/2) - tan(2*x),False Position
0,1.5000000000,1.9582187208,1.9582187208,0.0001231176,0.0001000000,42,(x/2) - tan(2*x),False Position
0,1.5000000000,1.9582169020,1.9582169020,0.0000928782,0.0001000000,43,(x/2) - tan(2*x),False Position
1,3.0000000000,3.6299102678,3.6299102678,1.9308943483,0.0001000000,1,(x/2) - tan(2*x),False Position
1,3.0000000000,3.7747277469,3.7747277469,3.8365013014,0.0001000000,2,(x/2) - tan(2*x),False Position
1,3.0000000000,3.4497281733,3.4497281733,9.4210197810,0.0001000000,3,(x/2) - tan(2*x),False Position
1,3.0000000000,4.0400670605,4.0400670605,14.6121061432,0.0001000000,4,(x/2) - tan(2*x),False Position
1,2.5928539474,4.0400670605,2.5928539474,55.8154505581,0.0001000000,5,(x/2) - tan(2*x),False Position
1,1.0844565579,4.0400670605,1.0844565579,139.0924678843,0.0001000000,6,(x/2) - tan(2*x),False Position
1,-0.2791484897,4.0400670605,-0.2791484897,488.4873455573,0.0001000000,7,(x/2) - tan(2*x),False Position
1,-0.6353427430,4.0400670605,-0.6353427430,56.0633228582,0.0001000000,8,(x/2) - tan(2*x),False Position
1,-4.5813396748,4.0400670605,-4.5813396748,86.1319441894,0.0001000000,9,(x/2) - tan(2*x),False Position
1,-2.1094798709,4.0400670605,-2.1094798709,117.1786390576,0.0001000000,10,(x/2) - tan(2*x),False Position
1,-2.9992464348,4.0400670605,-2.9992464348,29.6663373031,0.0001000000,11,(x/2) - tan(2*x),False Position
1,-1.4528359660,4.0400670605,-1.4528359660,106.4408167890,0.0001000000,12,(x/2) - tan(2*x),False Position
1,-0.7286273235,4.0400670605,-0.7286273235,99.3935608885,0.0001000000,13,(x/2) - tan(2*x),False Position
1,-0.7286273235,18.9292349026,18.9292349026,103.8492169772,0.0001000000,14,(x/2) - tan(2*x),False Position
1,-184.5693717724,18.9292349026,-184.5693717724,110.2558917121,0.0001000000,15,(x/2) - tan(2*x),False Position
1,-184.5693717724,16.3140053235,16.3140053235,1231.3553484387,0.0001000000,16,(x/2) - tan(2*x),False Position
1,-184.5693717724,14.7826254261,14.7826254261,10.3593228763,0.0001000000,17,(x/2) - tan(2*x),False Position
1,-184.5693717724,13.6972905414,13.6972905414,7.9237195227,0.0001000000,18,(x/2) - tan(2*x),False Position
1,-184.5693717724,11.4867802394,11.4867802394,19.2439504878,0.0001000000,19,(x/2) - tan(2*x),False Position
1,-184.5693717724,10.3292043343,10.3292043343,11.2068254983,0.0001000000,20,(x/2) - tan(2*x),False Position
1,-184.5693717724,7.8293502532,7.8293502532,31.9292661630,0.0001000000,21,(x/2) - tan(2*x),False Position
1,-184.5693717724,6.7680650655,6.7680650655,15.6807769636,0.0001000000,22,(x/2) - tan(2*x),False Position
1,-184.5693717724,6.2539093180,6.2539093180,8.2213495803,0.0001000000,23,(x/2) - tan(2*x),False Position
1,-184.5693717724,5.4070946063,5.4070946063,15.6611780150,0.0001000000,24,(x/2) - tan(2*x),False Position
1,-184.5693717724,6.1406751251,6.1406751251,11.9462518997,0.0001000000,25,(x/2) - tan(2*x),False Position
1,-184.5693717724,5.2473581437,5.2473581437,17.0241282748,0.0001000000,26,(x/2) - tan(2*x),False Position
1,-184.5693717724,5.0359288002,5.0359288002,4.1984180436,0.0001000000,27,(x/2) - tan(2*x),False Position
1,-184.5693717724,4.5695102006,4.5695102006,10.2071902493,0.0001000000,28,(x/2) - tan(2*x),False Position
1,-184.5693717724,3.8895339467,3.8895339467,17.4822038640,0.0001000000,29,(x/2) - tan(2*x),False Position
1,-184.5693717724,6.9387620339,6.9387620339,43.9448430760,0.0001000000,30,(x/2) - tan(2*x),False Position
1,-184.5693717724,7.0178794262,7.0178794262,1.1273689315,0.0001000000,31,(x/2) - tan(2*x),False Position
1,-184.5693717724,8.7268321753,8.7268321753,19.5827387849,0.0001000000,32,(x/2) - tan(2*x),False Position
1,-184.5693717724,6.0535337718,6.0535337718,44.1609562997,0.0001000000,33,(x/2) - tan(2*x),False Position
1,-184.5693717724,5.1188809605,5.1188809605,18.2589284358,0.0001000000,34,(x/2) - tan(2*x),False Position
1,-184.5693717724,4.7208670479,4.7208670479,8.4309494119,0.0001000000,35,(x/2) - tan(2*x),False Position
1,-184.5693717724,4.1021845388,4.1021845388,15.0817815047,0.0001000000,36,(x/2) - tan(2*x),False Position
1,-184.5693717724,2.8467338799,2.8467338799,44.1014408738,0.0001000000,37,(x/2) - tan(2*x),False Position
1,-184.5693717724,2.2995839037,2.2995839037,23.7934339058,0.0001000000,38,(x/2) - tan(2*x),False Position
1,-184.5693717724,4.3201335986,4.3201335986,46.7705372710,0.0001000000,39,(x/2) - tan(2*x),False Position
1,-184.5693717724,3.4890471195,3.4890471195,23.8198697412,0.0001000000,40,(x/2) - tan(2*x),False Position
1,-184.5693717724,3.2496539740,3.2496539740,7.3667272703,0.0001000000,41,(x/2) - tan(2*x),False Position
1,-184.5693717724,2.8810595176,2.8810595176,12.7937119713,0.0001000000,42,(x/2) - tan(2*x),False Position
1,-184.5693717724,2.3541525310,2.3541525310,22.3820240898,0.0001000000,43,(x/2) - tan(2*x),False Position
1,-184.5693717724,99.0691914207,99.0691914207,97.6237289341,0.0001000000,44,(x/2) - tan(2*x),False Position
1,-184.5693717724,80.7608372617,80.7608372617,22.6698419429,0.0001000000,45,(x/2) - tan(2*x),False Position
1,-184.5693717724,67.7766437407,67.7766437407,19.1573273688,0.0001000000,46,(x/2) - tan(2*x),False Position
1,-184.5693717724,56.5139098573,56.5139098573,19.9291358745,0.0001000000,47,(x/2) - tan(2*x),False Position
1,-184.5693717724,47.3225300880,47.3225300880,19.4228409853,0.0001000000,48,(x/2) - tan(2*x),False Position
1,-184.5693717724,40.0186289127,40.0186289127,18.2512529133,0.0001000000,49,(x/2) - tan(2*x),False Position
1,-184.5693717724,38.0247888811,38.0247888811,5.2435268947,0.0001000000,50,(x/2) - tan(2*x),False Position
1,-184.5693717724,32.4820096379,32.4820096379,17.0641512180,0.0001000000,51,(x/2) - tan(2*x),False Position
1,-184.5693717724,27.1982778343,27.1982778343,19.4267145727,0.0001000000,52,(x/2) - tan(2*x),False Position
1,-184.5693717724,23.6790417418,23.6790417418,14.8622403344,0.0001000000,53,(x/2) - tan(2*x),False Position
1,-184.5693717724,20.3525767700,20.3525767700,16.3441956727,0.0001000000,54,(x/2) - tan(2*x),False Position
1,-184.5693717724,17.4375764405,17.4375764405,16.7167744869,0.0001000000,55,(x/2) - tan(2*x),False Position
1,-184.5693717724,15.0935553142,15.0935553142,15.5299469044,0.0001000000,56,(x/2) - tan(2*x),False Position
1,-184.5693717724,12.2415947918,12.2415947918,23.2972955805,0.0001000000,57,(x/2) - tan(2*x),False Position
1,-184.5693717724,10.3648891990,10.3648891990,18.1063739014,0.0001000000,58,(x/2) - tan(2*x),False Position
1,-184.5693717724,8.1241495718,8.1241495718,27.5812207466,0.0001000000,59,(x/2) - tan(2*x),False Position
1,-184.5693717724,7.1951406365,7.1951406365,12.9116160786,0.0001000000,60,(x/2) - tan(2*x),False Position
1,-184.5693717724,5.2131270568,5.2131270568,38.0196676216,0.0001000000,61,(x/2) - tan(2*x),False Position
1,-184.5693717724,4.9362671947,4.9362671947,5.6086887348,0.0001000000,62,(x/2) - tan(2*x),False Position
1,-184.5693717724,4.4106146711,4.4106146711,11.9178972273,0.0001000000,63,(x/2) - tan(2*x),False Position
1,-184.5693717724,3.6482552896,3.6482552896,20.8965470087,0.0001000000,64,(x/2) - tan(2*x),False Position
1,-184.5693717724,3.5903050837,3.5903050837,1.6140746968,0.0001000000,65,(x/2) - tan(2*x),False Position
1,-184.5693717724,3.4478076673,3.4478076673,4.1329862375,0.0001000000,66,(x/2) - tan(2*x),False Position
1,-184.5693717724,3.1794847125,3.1794847125,8.4391962556,0.0001000000,67,(x/2) - tan(2*x),False Position
1,-184.5693717724,2.7826300772,2.7826300772,14.2618538682,0.0001000000,68,(x/2) - tan(2*x),False Position
1,-184.5693717724,2.1907966926,2.1907966926,27.0145279385,0.0001000000,69,(x/2) - tan(2*x),False Position
1,-184.5693717724,2.6667179433,2.6667179433,17.8467037337,0.0001000000,70,(x/2) - tan(2*x),False Position
1,-184.5693717724,1.9539372160,1.9539372160,36.4792031981,0.0001000000,71,(x/2) - tan(2*x),False Position
1,-184.5693717724,1.9501557981,1.9501557981,0.1939033715,0.0001000000,72,(x/2) - tan(2*x),False Position
1,-184.5693717724,1.9430931878,1.9430931878,0.3634725485,0.0001000000,73,(x/2) - tan(2*x),False Position
1,-184.5693717724,1.9300456113,1.9300456113,0.6760242566,0.0001000000,74,(x/2) - tan(2*x),False Position
1,-184.5693717724,1.9064033489,1.9064033489,1.2401500683,0.0001000000,75,(x/2) - tan(2*x),False Position
1,-184.5693717724,1.8649327147,1.8649327147,2.2237067219,0.0001000000,76,(x/2) - tan(2*x),False Position
1,-184.5693717724,1.7957206568,1.7957206568,3.8542775369,0.0001000000,77,(x/2) - tan(2*x),False Position
1,-184.5693717724,1.6875640591,1.6875640591,6.4090365699,0.0001000000,78,(x/2) - tan(2*x),False Position
1,-184.5693717724,1.5297844804,1.5297844804,10.3138435995,0.0001000000,79,(x/2) - tan(2*x),False Position
1,-184.5693717724,1.3094584823,1.3094584823,16.8257337729,0.0001000000,80,(x/2) - tan(2*x),False Position
1,-184.5693717724,0.9898719671,0.9898719671,32.2856415561,0.0001000000,81,(x/2) - tan(2*x),False Position
1,-184.5693717724,0.2650849785,0.2650849785,273.4168465051,0.0001000000,82,(x/2) - tan(2*x),False Position
1,-184.5693717724,0.3824761369,0.3824761369,30.6924137523,0.0001000000,83,(x/2) - tan(2*x),False Position
1,-184.5693717724,0.5816236239,0.5816236239,34.2399240395,0.0001000000,84,(x/2) - tan(2*x),False Position
1,-184.5693717724,1.1078739176,1.1078739176,47.5009191317,0.0001000000,85,(x/2) - tan(2*x),False Position
1,-184.5693717724,0.6198686872,0.6198686872,78.7271950470,0.0001000000,86,(x/2) - tan(2*x),False Position
1,-184.5693717724,1.2959367478,1.2959367478,52.1682915255,0.0001000000,87,(x/2) - tan(2*x),False Position
1,-184.5693717724,0.9686403711,0.9686403711,33.7892562105,0.0001000000,88,(x/2) - tan(2*x),False Position
1,-184.5693717724,0.1699586194,0.1699586194,469.9271825065,0.0001000000,89,(x/2) - tan(2*x),False Position
1,-184.5693717724,0.2394344603,0.2394344603,29.0166423020,0.0001000000,90,(x/2) - tan(2*x),False Position
1,-184.5693717724,0.3427905939,0.3427905939,30.1513913790,0.0001000000,91,(x/2) - tan(2*x),False Position
1,-184.5693717724,0.5102286519,0.5102286519,32.8162790096,0.0001000000,92,(x/2) - tan(2*x),False Position
1,-184.5693717724,0.8669256613,0.8669256613,41.1450514563,0.0001000000,93,(x/2) - tan(2*x),False Position
1,-184.5693717724,-0.8074968542,-0.8074968542,207.3596332704,0.0001000000,94,(x/2) - tan(2*x),False Position
1,-184.5693717724,5.3072637937,5.3072637937,115.2149372172,0.0001000000,95,(x/2) - tan(2*x),False Position
1,-184.5693717724,5.2654154297,5.2654154297,0.7947780101,0.0001000000,96,(x/2) - tan(2*x),False Position
1,-184.5693717724,5.0960484396,5.0960484396,3.3234964711,0.0001000000,97,(x/2) - tan(2*x),False Position
1,-184.5693717724,4.6767163521,4.6767163521,8.9663784580,0.0001000000,98,(x/2) - tan(2*x),False Position
1,-184.5693717724,4.0407248181,4.0407248181,15.7395408665,0.0001000000,99,(x/2) - tan(2*x),False Position
1,-184.5693717724,2.3820805043,2.3820805043,69.6300696280,0.0001000000,100,(x/2) - tan(2*x),False Position
2,5.0000000000,5.2633610953,5.2633610953,1.6460756366,0.0001000000,1,(x/2) - tan(2*x),False Position
2,5.0000000000,5.4083470727,5.4083470727,2.6807816775,0.0001000000,2,(x/2) - tan(2*x),False Position
2,5.1616297293,5.4083470727,5.1616297293,4.7798342077,0.0001000000,3,(x/2) - tan(2*x),False Position
2,5.2403571853,5.4083470727,5.2403571853,1.5023299616,0.0001000000,4,(x/2) - tan(2*x),False Position
2,5.2792895845,5.4083470727,5.2792895845,0.7374552687,0.0001000000,5,(x/2) - tan(2*x),False Position
2,5.2986503778,5.4083470727,5.2986503778,0.3653910310,0.0001000000,6,(x/2) - tan(2*x),False Position
2,5.3083019995,5.4083470727,5.3083019995,0.1818212622,0.0001000000,7,(x/2) - tan(2*x),False Position
2,5.3131190288,5.4083470727,5.3131190288,0.0906629291,0.0001000000,8,(x/2) - tan(2*x),False Position
2,5.3155245112,5.4083470727,5.3155245112,0.0452539054,0.0001000000,9,(x/2) - tan(2*x),False Position
2,5.3167260709,5.4083470727,5.3167260709,0.0225996150,0.0001000000,10,(x/2) - tan(2*x),False Position
2,5.3173263429,5.4083470727,5.3173263429,0.0112889832,0.0001000000,11,(x/2) - tan(2*x),False Position
2,5.3176262459,5.4083470727,5.3176262459,0.0056397892,0.0001000000,12,(x/2) - tan(2*x),False Position
2,5.3177760860,5.4083470727,5.3177760860,0.0028177211,0.0001000000,13,(x/2) - tan(2*x),False Position
2,5.3178509516,5.4083470727,5.3178509516,0.0014078185,0.0001000000,14,(x/2) - tan(2*x),False Position
2,5.3178883576,5.4083470727,5.3178883576,0.0007033995,0.0001000000,15,(x/2) - tan(2*x),False Position
2,5.3179070473,5.4083470727,5.3179070473,0.0003514478,0.0001000000,16,(x/2) - tan(2*x),False Position
2,5.3179163855,5.4083470727,5.3179163855,0.0001755987,0.0001000000,17,(x/2) - tan(2*x),False Position
2,5.3179210513,5.4083470727,5.3179210513,0.0000877370,0.0001000000,18,(x/2) - tan(2*x),False Position
3,6.6649936814,7.0000000000,6.6649936814,3.9759029648,0.0001000000,1,(x/2) - tan(2*x),False Position
3,6.7950131860,7.0000000000,6.7950131860,1.9134547798,0.0001000000,2,(x/2) - tan(2*x),False Position
3,6.8604513924,7.0000000000,6.8604513924,0.9538469503,0.0001000000,3,(x/2) - tan(2*x),False Position
3,6.8936361306,7.0000000000,6.8936361306,0.4813822146,0.0001000000,4,(x/2) - tan(2*x),False Position
3,6.9105168793,7.0000000000,6.9105168793,0.2442762089,0.0001000000,5,(x/2) - tan(2*x),False Position
3,6.9191163171,7.0000000000,6.9191163171,0.1242852046,0.0001000000,6,(x/2) - tan(2*x),False Position
3,6.9235001491,7.0000000000,6.9235001491,0.0633181460,0.0001000000,7,(x/2) - tan(2*x),False Position
3,6.9257357301,7.0000000000,6.9257357301,0.0322793285,0.0001000000,8,(x/2) - tan(2*x),False Position
3,6.9268759904,7.0000000000,6.9268759904,0.0164613943,0.0001000000,9,(x/2) - tan(2*x),False Position
3,6.9274576338,7.0000000000,6.9274576338,0.0083962027,0.0001000000,10,(x/2) - tan(2*x),False Position
3,6.9277543420,7.0000000000,6.9277543420,0.0042828907,0.0001000000,11,(x/2) - tan(2*x),False Position
3,6.9279057024,7.0000000000,6.9279057024,0.0021847932,0.0001000000,12,(x/2) - tan(2*x),False Position
3,6.9279829171,7.0000000000,6.9279829171,0.0011145344,0.0001000000,13,(x/2) - tan(2*x),False Position
3,6.9280223076,7.0000000000,6.9280223076,0.0005685670,0.0001000000,14,(x/2) - tan(2*x),False Position
3,6.9280424023,7.0000000000,6.9280424023,0.0002900497,0.0001000000,15,(x/2) - tan(2*x),False Position
3,6.9280526536,7.0000000000,6.9280526536,0.0001479668,0.0001000000,16,(x/2) - tan(2*x),False Position
3,6.9280578832,7.0000000000,6.9280578832,0.0000754844,0.0001000000,17,(x/2) - tan(2*x),False Position
4,9.5661965004,10.2000000000,9.5661965004,0.6919834903,0.0001000000,1,(x/2) - tan(2*x),False Position
4,9.6248800347,10.2000000000,9.6248800347,0.6097066563,0.0001000000,2,(x/2) - tan(2*x),False Position
4,9.6770192103,10.2000000000,9.6770192103,0.5387937592,0.0001000000,3,(x/2) - tan(2*x),False Position
4,9.7234173720,10.2000000000,9.7234173720,0.4771795759,0.0001000000,4,(x/2) - tan(2*x),False Position
4,9.7647549263,10.2000000000,9.7647549263,0.4233342728,0.0001000000,5,(x/2) - tan(2*x),False Position
4,9.8016164229,10.2000000000,9.8016164229,0.3760756905,0.0001000000,6,(x/2) - tan(2*x),False Position
4,9.8345090695,10.2000000000,9.8345090695,0.3344614996,0.0001000000,7,(x/2) - tan(2*x),False Position
4,9.8638760899,10.2000000000,9.8638760899,0.2977229254,0.0001000000,8,(x/2) - tan(2*x),False Position
4,9.8901067972,10.2000000000,9.8901067972,0.2652216792,0.0001000000,9,(x/2) - tan(2*x),False Position
4,9.9135444609,10.2000000000,9.9135444609,0.2364206241,0.0001000000,10,(x/2) - tan(2*x),False Position
4,9.9344926282,10.2000000000,9.9344926282,0.2108629813,0.0001000000,11,(x/2) - tan(2*x),False Position
4,9.9532203172,10.2000000000,9.9532203172,0.1881570824,0.0001000000,12,(x/2) - tan(2*x),False Position
4,9.9699663574,10.2000000000,9.9699663574,0.1679648616,0.0001000000,13,(x/2) - tan(2*x),False Position
4,9.9849430685,10.2000000000,9.9849430685,0.1499929541,0.0001000000,14,(x/2) - tan(2*x),False Position
4,9.9983394102,10.2000000000,9.9983394102,0.1339856673,0.0001000000,15,(x/2) - tan(2*x),False Position
4,10.0103237031,10.2000000000,10.0103237031,0.1197193336,0.0001000000,16,(x/2) - tan(2*x),False Position
4,10.0210459922,10.2000000000,10.0210459922,0.1069977040,0.0001000000,17,(x/2) - tan(2*x),False Position
4,10.0306401135,10.2000000000,10.0306401135,0.0956481456,0.0001000000,18,(x/2) - tan(2*x),False Position
4,10.0392255053,10.2000000000,10.0392255053,0.0855184678,0.0001000000,19,(x/2) - tan(2*x),False Position
4,10.0469088035,10.2000000000,10.0469088035,0.0764742508,0.0001000000,20,(x/2) - tan(2*x),False Position
4,10.0537852487,10.2000000000,10.0537852487,0.0683965786,0.0001000000,21,(x/2) - tan(2*x),False Position
4,10.0599399303,10.2000000000,10.0599399303,0.0611801038,0.0001000000,22,(x/2) - tan(2*x),False Position
4,10.0654488899,10.2000000000,10.0654488899,0.0547313851,0.0001000000,23,(x/2) - tan(2*x),False Position
4,10.0703800986,10.2000000000,10.0703800986,0.0489674536,0.0001000000,24,(x/2) - tan(2*x),False Position
4,10.0747943264,10.2000000000,10.0747943264,0.0438145694,0.0001000000,25,(x/2) - tan(2*x),False Position
4,10.0787459146,10.2000000000,10.0787459146,0.0392071414,0.0001000000,26,(x/2) - tan(2*x),False Position
4,10.0822834636,10.2000000000,10.0822834636,0.0350867839,0.0001000000,27,(x/2) - tan(2*x),False Position
4,10.0854504454,10.2000000000,10.0854504454,0.0314014913,0.0001000000,28,(x/2) - tan(2*x),False Position
4,10.0882857495,10.2000000000,10.0882857495,0.0281049149,0.0001000000,29,(x/2) - tan(2*x),False Position
4,10.0908241696,10.2000000000,10.0908241696,0.0251557262,0.0001000000,30,(x/2) - tan(2*x),False Position
4,10.0930968379,10.2000000000,10.0930968379,0.0225170564,0.0001000000,31,(x/2) - tan(2*x),False Position
4,10.0951316129,10.2000000000,10.0951316129,0.0201560022,0.0001000000,32,(x/2) - tan(2*x),False Position
4,10.0969534253,10.2000000000,10.0969534253,0.0180431887,0.0001000000,33,(x/2) - tan(2*x),False Position
4,10.0985845872,10.2000000000,10.0985845872,0.0161523823,0.0001000000,34,(x/2) - tan(2*x),False Position
4,10.1000450688,10.2000000000,10.1000450688,0.0144601487,0.0001000000,35,(x/2) - tan(2*x),False Position
4,10.1013527443,10.2000000000,10.1013527443,0.0129455482,0.0001000000,36,(x/2) - tan(2*x),False Position
4,10.1025236133,10.2000000000,10.1025236133,0.0115898666,0.0001000000,37,(x/2) - tan(2*x),False Position
4,10.1035719977,10.2000000000,10.1035719977,0.0103763746,0.0001000000,38,(x/2) - tan(2*x),False Position
4,10.1045107184,10.2000000000,10.1045107184,0.0092901150,0.0001000000,39,(x/2) - tan(2*x),False Position
4,10.1053512525,10.2000000000,10.1053512525,0.0083177126,0.0001000000,40,(x/2) - tan(2*x),False Position
4,10.1061038748,10.2000000000,10.1061038748,0.0074472054,0.0001000000,41,(x/2) - tan(2*x),False Position
4,10.1067777840,10.2000000000,10.1067777840,0.0066678936,0.0001000000,42,(x/2) - tan(2*x),False Position
4,10.1073812154,10.2000000000,10.1073812154,0.0059702055,0.0001000000,43,(x/2) - tan(2*x),False Position
4,10.1079215422,10.2000000000,10.1079215422,0.0053455774,0.0001000000,44,(x/2) - tan(2*x),False Position
4,10.1084053656,10.2000000000,10.1084053656,0.0047863472,0.0001000000,45,(x/2) - tan(2*x),False Position
4,10.1088385959,10.2000000000,10.1088385959,0.0042856586,0.0001000000,46,(x/2) - tan(2*x),False Position
4,10.1092265249,10.2000000000,10.1092265249,0.0038373758,0.0001000000,47,(x/2) - tan(2*x),False Position
4,10.1095738906,10.2000000000,10.1095738906,0.0034360077,0.0001000000,48,(x/2) - tan(2*x),False Position
4,10.1098849354,10.2000000000,10.1098849354,0.0030766398,0.0001000000,49,(x/2) - tan(2*x),False Position
4,10.1101634575,10.2000000000,10.1101634575,0.0027548731,0.0001000000,50,(x/2) - tan(2*x),False Position
4,10.1104128582,10.2000000000,10.1104128582,0.0024667704,0.0001000000,51,(x/2) - tan(2*x),False Position
4,10.1106361827,10.2000000000,10.1106361827,0.0022088072,0.0001000000,52,(x/2) - tan(2*x),False Position
4,10.1108361577,10.2000000000,10.1108361577,0.0019778285,0.0001000000,53,(x/2) - tan(2*x),False Position
4,10.1110152248,10.2000000000,10.1110152248,0.0017710101,0.0001000000,54,(x/2) - tan(2*x),False Position
4,10.1111755702,10.2000000000,10.1111755702,0.0015858234,0.0001000000,55,(x/2) - tan(2*x),False Position
4,10.1113191514,10.2000000000,10.1113191514,0.0014200050,0.0001000000,56,(x/2) - tan(2*x),False Position
4,10.1114477213,10.2000000000,10.1114477213,0.0012715283,0.0001000000,57,(x/2) - tan(2*x),False Position
4,10.1115628495,10.2000000000,10.1115628495,0.0011385791,0.0001000000,58,(x/2) - tan(2*x),False Position
4,10.1116659412,10.2000000000,10.1116659412,0.0010195330,0.0001000000,59,(x/2) - tan(2*x),False Position
4,10.1117582551,10.2000000000,10.1117582551,0.0009129356,0.0001000000,60,(x/2) - tan(2*x),False Position
4,10.1118409179,10.2000000000,10.1118409179,0.0008174849,0.0001000000,61,(x/2) - tan(2*x),False Position
4,10.1119149386,10.2000000000,10.1119149386,0.0007320150,0.0001000000,62,(x/2) - tan(2*x),False Position
4,10.1119812208,10.2000000000,10.1119812208,0.0006554821,0.0001000000,63,(x/2) - tan(2*x),False Position
4,10.1120405736,10.2000000000,10.1120405736,0.0005869514,0.0001000000,64,(x/2) - tan(2*x),False Position
4,10.1120937213,10.2000000000,10.1120937213,0.0005255862,0.0001000000,65,(x/2) - tan(2*x),False Position
4,10.1121413128,10.2000000000,10.1121413128,0.0004706371,0.0001000000,66,(x/2) - tan(2*x),False Position
4,10.1121839289,10.2000000000,10.1121839289,0.0004214332,0.0001000000,67,(x/2) - tan(2*x),False Position
4,10.1122220898,10.2000000000,10.1122220898,0.0003773738,0.0001000000,68,(x/2) - tan(2*x),False Position
4,10.1122562612,10.2000000000,10.1122562612,0.0003379208,0.0001000000,69,(x/2) - tan(2*x),False Position
4,10.1122868603,10.2000000000,10.1122868603,0.0003025927,0.0001000000,70,(x/2) - tan(2*x),False Position
4,10.1123142604,10.2000000000,10.1123142604,0.0002709581,0.0001000000,71,(x/2) - tan(2*x),False Position
4,10.1123387961,10.2000000000,10.1123387961,0.0002426309,0.0001000000,72,(x/2) - tan(2*x),False Position
4,10.1123607667,10.2000000000,10.1123607667,0.0002172652,0.0001000000,73,(x/2) - tan(2*x),False Position
4,10.1123804405,10.2000000000,10.1123804405,0.0001945515,0.0001000000,74,(x/2) - tan(2*x),False Position
4,10.1123980575,10.2000000000,10.1123980575,0.0001742124,0.0001000000,75,(x/2) - tan(2*x),False Position
4,10.1124138329,10.2000000000,10.1124138329,0.0001559996,0.0001000000,76,(x/2) - tan(2*x),False Position
4,10.1124279590,10.2000000000,10.1124279590,0.0001396910,0.0001000000,77,(x/2) - tan(2*x),False Position
4,10.1124406084,10.2000000000,10.1124406084,0.0001250873,0.0001000000,78,(x/2) - tan(2*x),False Position
4,10.1124519354,10.2000000000,10.1124519354,0.0001120103,0.0001000000,79,(x/2) - tan(2*x),False Position
4,10.1124620782,10.2000000000,10.1124620782,0.0001003005,0.0001000000,80,(x/2) - tan(2*x),False Position
4,10.1124711607,10.2000000000,10.1124711607,0.0000898149,0.0001000000,81,(x/2) - tan(2*x),False Position
0,1.5000000000,1.5000000000,-0.2850930861,626.1439413576,0.0001000000,1,(x/2) - tan(2*x),Fixed Point
0,-0.2850930861,-0.2850930861,-1.2824624850,77.7698693352,0.0001000000,2,(x/2) - tan(2*x),Fixed Point
0,-1.2824624850,-1.2824624850,1.3008322153,198.5878478347,0.0001000000,3,(x/2) - tan(2*x),Fixed Point
0,1.3008322153,1.3008322153,-1.1986641194,208.5234966423,0.0001000000,4,(x/2) - tan(2*x),Fixed Point
0,-1.1986641194,-1.1986641194,1.8418798898,165.0782999487,0.0001000000,5,(x/2) - tan(2*x),Fixed Point
0,1.8418798898,1.8418798898,1.2047585363,52.8837384594,0.0001000000,6,(x/2) - tan(2*x),Fixed Point
0,1.2047585363,1.2047585363,-1.7973247145,167.0306554287,0.0001000000,7,(x/2) - tan(2*x),Fixed Point
0,-1.7973247145,-1.7973247145,-0.9736614053,84.5944293146,0.0001000000,8,(x/2) - tan(2*x),Fixed Point
0,-0.9736614053,-0.9736614053,5.0582887184,119.2488301773,0.0001000000,9,(x/2) - tan(2*x),Fixed Point
0,5.0582887184,5.0582887184,1.6567317016,205.3173132002,0.0001000000,10,(x/2) - tan(2*x),Fixed Point
0,1.6567317016,1.6567317016,0.3471666328,377.2151310196,0.0001000000,11,(x/2) - tan(2*x),Fixed Point
0,0.3471666328,0.3471666328,1.6652945939,79.1528397382,0.0001000000,12,(x/2) - tan(2*x),Fixed Point
0,1.6652945939,1.6652945939,0.3825589141,335.3040884968,0.0001000000,13,(x/2) - tan(2*x),Fixed Point
0,0.3825589141,0.3825589141,1.9204804401,80.0800411146,0.0001000000,14,(x/2) - tan(2*x),Fixed Point
0,1.9204804401,1.9204804401,1.6824179399,14.1500215007,0.0001000000,15,(x/2) - tan(2*x),Fixed Point
0,1.6824179399,1.6824179399,0.4540546217,270.5320592398,0.0001000000,16,(x/2) - tan(2*x),Fixed Point
0,0.4540546217,0.4540546217,2.5627241495,82.2823450665,0.0001000000,17,(x/2) - tan(2*x),Fixed Point
0,2.5627241495,2.5627241495,-4.5633626757,156.1586779673,0.0001000000,18,(x/2) - tan(2*x),Fixed Point
0,-4.5633626757,-4.5633626757,0.6144075943,842.7256300094,0.0001000000,19,(x/2) - tan(2*x),Fixed Point
0,0.6144075943,0.6144075943,5.6184907407,89.0645437953,0.0001000000,20,(x/2) - tan(2*x),Fixed Point
0,5.6184907407,5.6184907407,-8.1231903600,169.1660602759,0.0001000000,21,(x/2) - tan(2*x),Fixed Point
0,-8.1231903600,-8.1231903600,-1.1945609551,580.0147221472,0.0001000000,22,(x/2) - tan(2*x),Fixed Point
0,-1.1945609551,-1.1945609551,1.8724442972,163.7968753953,0.0001000000,23,(x/2) - tan(2*x),Fixed Point
0,1.8724442972,1.8724442972,1.3779726889,35.8839919152,0.0001000000,24,(x/2) - tan(2*x),Fixed Point
0,1.3779726889,1.3779726889,-0.8119515668,269.7111927967,0.0001000000,25,(x/2) - tan(2*x),Fixed Point
0,-0.8119515668,-0.8119515668,37.6245446743,102.1580369246,0.0001000000,26,(x/2) - tan(2*x),Fixed Point
0,37.6245446743,37.6245446743,-0.3004997957,12620.6556603114,0.0001000000,27,(x/2) - tan(2*x),Fixed Point
0,-0.3004997957,-0.3004997957,-1.3712105125,78.0850720644,0.0001000000,28,(x/2) - tan(2*x),Fixed Point
0,-1.3712105125,-1.3712105125,0.8436342284,262.5361402343,0.0001000000,29,(x/2) - tan(2*x),Fixed Point
0,0.8436342284,0.8436342284,-17.0937714720,104.9353311512,0.0001000000,30,(x/2) - tan(2*x),Fixed Point
0,-17.0937714720,-17.0937714720,0.7756716677,2303.7380226083,0.0001000000,31,(x/2) - tan(2*x),Fixed Point
0,0.7756716677,0.7756716677,102.7989822434,99.2454481058,0.0001000000,32,(x/2) - tan(2*x),Fixed Point
0,102.7989822434,102.7989822434,11.2229910056,815.9677860556,0.0001000000,33,(x/2) - tan(2*x),Fixed Point
0,11.2229910056,11.2229910056,0.9780606881,1047.4738881280,0.0001000000,34,(x/2) - tan(2*x),Fixed Point
0,0.9780606881,0.9780606881,-4.9309604162,119.8350951037,0.0001000000,35,(x/2) - tan(2*x),Fixed Point
0,-4.9309604162,-4.9309604162,-0.9345896804,427.6069830234,0.0001000000,36,(x/2) - tan(2*x),Fixed Point
0,-0.9345896804,-0.9345896804,6.5026811437,114.3723744052,0.0001000000,37,(x/2) - tan(2*x),Fixed Point
0,6.5026811437,6.5026811437,0.9390986091,592.4385874893,0.0001000000,38,(x/2) - tan(2*x),Fixed Point
0,0.9390986091,0.9390986091,-6.2999253302,114.9065038050,0.0001000000,39,(x/2) - tan(2*x),Fixed Point
0,-6.2999253302,-6.2999253302,-0.0669851221,9304.9620768145,0.0001000000,40,(x/2) - tan(2*x),Fixed Point
0,-0.0669851221,-0.0669851221,-0.2695550819,75.1497461546,0.0001000000,41,(x/2) - tan(2*x),Fixed Point
0,-0.2695550819,-0.2695550819,-1.1964413982,77.4702645473,0.0001000000,42,(x/2) - tan(2*x),Fixed Point
0,-1.1964413982,-1.1964413982,1.8583790598,164.3809125948,0.0001000000,43,(x/2) - tan(2*x),Fixed Point
0,1.8583790598,1.8583790598,1.2965609510,43.3314074735,0.0001000000,44,(x/2) - tan(2*x),Fixed Point
0,1.2965609510,1.2965609510,-1.2220061854,206.1010137653,0.0001000000,45,(x/2) - tan(2*x),Fixed Point
0,-1.2220061854,-1.2220061854,1.6763208013,172.8981102226,0.0001000000,46,(x/2) - tan(2*x),Fixed Point
0,1.6763208013,1.6763208013,0.4284785850,291.2262736257,0.0001000000,47,(x/2) - tan(2*x),Fixed Point
0,0.4284785850,0.4284785850,2.3088655176,81.4420293553,0.0001000000,48,(x/2) - tan(2*x),Fixed Point
0,2.3088655176,2.3088655176,21.0655640961,89.0396216922,0.0001000000,49,(x/2) - tan(2*x),Fixed Point
0,21.0655640961,21.0655640961,6.9454618537,203.2996874782,0.0001000000,50,(x/2) - tan(2*x),Fixed Point
0,6.9454618537,6.9454618537,7.9572209626,12.7149806904,0.0001000000,51,(x/2) - tan(2*x),Fixed Point
0,7.9572209626,7.9572209626,0.4189277474,1799.4256196092,0.0001000000,52,(x/2) - tan(2*x),Fixed Point
0,0.4189277474,0.4189277474,2.2216603957,81.1434840243,0.0001000000,53,(x/2) - tan(2*x),Fixed Point
0,2.2216603957,2.2216603957,7.2528094470,69.3682784313,0.0001000000,54,(x/2) - tan(2*x),Fixed Point
0,7.2528094470,7.2528094470,-5.1802292835,240.0094291217,0.0001000000,55,(x/2) - tan(2*x),Fixed Point
0,-5.1802292835,-5.1802292835,-2.7137800121,90.8861167919,0.0001000000,56,(x/2) - tan(2*x),Fixed Point
0,-2.7137800121,-2.7137800121,2.3026612276,217.8540716108,0.0001000000,57,(x/2) - tan(2*x),Fixed Point
0,2.3026612276,2.3026612276,18.6085425840,87.6257841407,0.0001000000,58,(x/2) - tan(2*x),Fixed Point
0,18.6085425840,18.6085425840,-1.0463790895,1878.3748519116,0.0001000000,59,(x/2) - tan(2*x),Fixed Point
0,-1.0463790895,-1.0463790895,3.4772342475,130.0922806767,0.0001000000,60,(x/2) - tan(2*x),Fixed Point
0,3.4772342475,3.4772342475,1.5886898067,118.8743348666,0.0001000000,61,(x/2) - tan(2*x),Fixed Point
0,1.5886898067,1.5886898067,0.0716044903,2118.7013690799,0.0001000000,62,(x/2) - tan(2*x),Fixed Point
0,0.0716044903,0.0716044903,0.2883921891,75.1711408981,0.0001000000,63,(x/2) - tan(2*x),Fixed Point
0,0.2883921891,0.2883921891,1.3011643634,77.8358370963,0.0001000000,64,(x/2) - tan(2*x),Fixed Point
0,1.3011643634,1.3011643634,-1.1968590166,208.7149234211,0.0001000000,65,(x/2) - tan(2*x),Fixed Point
0,-1.1968590166,-1.1968590166,1.8552687237,164.5113562980,0.0001000000,66,(x/2) - tan(2*x),Fixed Point
0,1.8552687237,1.8552687237,1.2789616590,45.0605427115,0.0001000000,67,(x/2) - tan(2*x),Fixed Point
0,1.2789616590,1.2789616590,-1.3208509848,196.8286107759,0.0001000000,68,(x/2) - tan(2*x),Fixed Point
0,-1.3208509848,-1.3208509848,1.0923211144,220.9214916203,0.0001000000,69,(x/2) - tan(2*x),Fixed Point
0,1.0923211144,1.0923211144,-2.8382526756,138.4856895869,0.0001000000,70,(x/2) - tan(2*x),Fixed Point
0,-2.8382526756,-2.8382526756,1.3879768812,304.4884690771,0.0001000000,71,(x/2) - tan(2*x),Fixed Point
0,1.3879768812,1.3879768812,-0.7657088352,281.2669277781,0.0001000000,72,(x/2) - tan(2*x),Fixed Point
0,-0.7657088352,-0.7657088352,-50.7626792736,98.4915909756,0.0001000000,73,(x/2) - tan(2*x),Fixed Point
0,-50.7626792736,-50.7626792736,-3.0767380835,1549.8862722656,0.0001000000,74,(x/2) - tan(2*x),Fixed Point
0,-3.0767380835,-3.0767380835,0.2608829959,1279.3555472718,0.0001000000,75,(x/2) - tan(2*x),Fixed Point
0,0.2608829959,0.2608829959,1.1498182754,77.3109367426,0.0001000000,76,(x/2) - tan(2*x),Fixed Point
0,1.1498182754,1.1498182754,-2.2400653895,151.3296746084,0.0001000000,77,(x/2) - tan(2*x),Fixed Point
0,-2.2400653895,-2.2400653895,-8.4557075163,73.5082441636,0.0001000000,78,(x/2) - tan(2*x),Fixed Point
0,-8.4557075163,-8.4557075163,-5.1973514727,62.6926245168,0.0001000000,79,(x/2) - tan(2*x),Fixed Point
0,-5.1973514727,-5.1973514727,-2.9179328205,78.1175850293,0.0001000000,80,(x/2) - tan(2*x),Fixed Point
0,-2.9179328205,-2.9179328205,0.9595071269,404.1074671366,0.0001000000,81,(x/2) - tan(2*x),Fixed Point
0,0.9595071269,0.9595071269,-5.5094858659,117.4155474801,0.0001000000,82,(x/2) - tan(2*x),Fixed Point
0,-5.5094858659,-5.5094858659,85.4638230564,106.4465708048,0.0001000000,83,(x/2) - tan(2*x),Fixed Point
0,85.4638230564,85.4638230564,6.7228891412,1171.2365362872,0.0001000000,84,(x/2) - tan(2*x),Fixed Point
0,6.7228891412,6.7228891412,2.4164121634,178.2178157785,0.0001000000,85,(x/2) - tan(2*x),Fixed Point
0,2.4164121634,2.4164121634,-16.5260524826,114.6218352260,0.0001000000,86,(x/2) - tan(2*x),Fixed Point
0,-16.5260524826,-16.5260524826,30.5458103975,154.1025177187,0.0001000000,87,(x/2) - tan(2*x),Fixed Point
0,30.5458103975,30.5458103975,11.6906963493,161.2830706125,0.0001000000,88,(x/2) - tan(2*x),Fixed Point
0,11.6906963493,11.6906963493,10.9564981975,6.7010292759,0.0001000000,89,(x/2) - tan(2*x),Fixed Point
0,10.9564981975,10.9564981975,-0.1566233630,7095.4430738828,0.0001000000,90,(x/2) - tan(2*x),Fixed Point
0,-0.1566233630,-0.1566233630,-0.6478222325,75.8230954232,0.0001000000,91,(x/2) - tan(2*x),Fixed Point
0,-0.6478222325,-0.6478222325,-7.0843461706,90.8555819140,0.0001000000,92,(x/2) - tan(2*x),Fixed Point
0,-7.0843461706,-7.0843461706,63.4198896233,111.1705432044,0.0001000000,93,(x/2) - tan(2*x),Fixed Point
0,63.4198896233,63.4198896233,4.8009181018,1220.9950321596,0.0001000000,94,(x/2) - tan(2*x),Fixed Point
0,4.8009181018,4.8009181018,0.3578639581,1241.5483712727,0.0001000000,95,(x/2) - tan(2*x),Fixed Point
0,0.3578639581,0.3578639581,1.7390753861,79.4221710570,0.0001000000,96,(x/2) - tan(2*x),Fixed Point
0,1.7390753861,1.7390753861,0.6997380175,148.5323567758,0.0001000000,97,(x/2) - tan(2*x),Fixed Point
0,0.6997380175,0.6997380175,11.5596027153,93.9466949279,0.0001000000,98,(x/2) - tan(2*x),Fixed Point
0,11.5596027153,11.5596027153,4.2182391251,174.0385827436,0.0001000000,99,(x/2) - tan(2*x),Fixed Point
0,4.2182391251,4.2182391251,-3.0360873264,238.9366863229,0.0001000000,100,(x/2) - tan(2*x),Fixed Point
1,3.0000000000,3.0000000000,-0.5820123828,615.4529506270,0.0001000000,1,(x/2) - tan(2*x),Fixed Point
1,-0.5820123828,-0.5820123828,-4.6425442319,87.4635037666,0.0001000000,2,(x/2) - tan(2*x),Fixed Point
1,-4.6425442319,-4.6425442319,0.2812104789,1750.9143789298,0.0001000000,3,(x/2) - tan(2*x),Fixed Point
1,0.2812104789,0.2812104789,1.2606544436,77.6932941166,0.0001000000,4,(x/2) - tan(2*x),Fixed Point
1,1.2606544436,1.2606544436,-1.4286749718,188.2394154347,0.0001000000,5,(x/2) - tan(2*x),Fixed Point
1,-1.4286749718,-1.4286749718,0.5843069866,344.5075969596,0.0001000000,6,(x/2) - tan(2*x),Fixed Point
1,0.5843069866,0.5843069866,4.7018105097,87.5727236261,0.0001000000,7,(x/2) - tan(2*x),Fixed Point
1,4.7018105097,4.7018105097,-0.0423201974,11210.0864330486,0.0001000000,8,(x/2) - tan(2*x),Fixed Point
1,-0.0423201974,-0.0423201974,-0.1696861937,75.0597285024,0.0001000000,9,(x/2) - tan(2*x),Fixed Point
1,-0.1696861937,-0.1696861937,-0.7060617781,75.9672313442,0.0001000000,10,(x/2) - tan(2*x),Fixed Point
1,-0.7060617781,-0.7060617781,-12.4985972843,94.3508718459,0.0001000000,11,(x/2) - tan(2*x),Fixed Point
1,-12.4985972843,-12.4985972843,0.2727658698,4682.1705243343,0.0001000000,12,(x/2) - tan(2*x),Fixed Point
1,0.2727658698,0.2727658698,1.2139481961,77.5306828891,0.0001000000,13,(x/2) - tan(2*x),Fixed Point
1,1.2139481961,1.2139481961,-1.7319523982,170.0913141376,0.0001000000,14,(x/2) - tan(2*x),Fixed Point
1,-1.7319523982,-1.7319523982,-0.6679148748,159.3073554210,0.0001000000,15,(x/2) - tan(2*x),Fixed Point
1,-0.6679148748,-0.6679148748,-8.3546249088,92.0054474970,0.0001000000,16,(x/2) - tan(2*x),Fixed Point
1,-8.3546249088,-8.3546249088,-3.1236473511,167.4637681488,0.0001000000,17,(x/2) - tan(2*x),Fixed Point
1,-3.1236473511,-3.1236473511,0.0718120473,4449.7539318344,0.0001000000,18,(x/2) - tan(2*x),Fixed Point
1,0.0718120473,0.0718120473,0.2892397304,75.1721358641,0.0001000000,19,(x/2) - tan(2*x),Fixed Point
1,0.2892397304,0.2892397304,1.3059947719,77.8529181991,0.0001000000,20,(x/2) - tan(2*x),Fixed Point
1,1.3059947719,1.3059947719,-1.1707679888,211.5502631053,0.0001000000,21,(x/2) - tan(2*x),Fixed Point
1,-1.1707679888,-1.1707679888,2.0595106502,156.8469014098,0.0001000000,22,(x/2) - tan(2*x),Fixed Point
1,2.0595106502,2.0595106502,2.9654050776,30.5487582198,0.0001000000,23,(x/2) - tan(2*x),Fixed Point
1,2.9654050776,2.9654050776,-0.7354449333,503.2123879254,0.0001000000,24,(x/2) - tan(2*x),Fixed Point
1,-0.7354449333,-0.7354449333,-19.9520768205,96.3139429547,0.0001000000,25,(x/2) - tan(2*x),Fixed Point
1,-19.9520768205,-19.9520768205,2.7187308797,833.8746534038,0.0001000000,26,(x/2) - tan(2*x),Fixed Point
1,2.7187308797,2.7187308797,-2.2571246625,220.4510732135,0.0001000000,27,(x/2) - tan(2*x),Fixed Point
1,-2.2571246625,-2.2571246625,-9.9614504447,77.3414055012,0.0001000000,28,(x/2) - tan(2*x),Fixed Point
1,-9.9614504447,-9.9614504447,-3.6832561076,170.4522887841,0.0001000000,29,(x/2) - tan(2*x),Fixed Point
1,-3.6832561076,-3.6832561076,-3.7725742656,2.3675652692,0.0001000000,30,(x/2) - tan(2*x),Fixed Point
1,-3.7725742656,-3.7725742656,-6.2687798358,39.8196401139,0.0001000000,31,(x/2) - tan(2*x),Fixed Point
1,-6.2687798358,-6.2687798358,0.0576378342,10976.1543852529,0.0001000000,32,(x/2) - tan(2*x),Fixed Point
1,0.0576378342,0.0576378342,0.2315780201,75.1108355576,0.0001000000,33,(x/2) - tan(2*x),Fixed Point
1,0.2315780201,0.2315780201,0.9987713799,76.8137108485,0.0001000000,34,(x/2) - tan(2*x),Fixed Point
1,0.9987713799,0.9987713799,-4.3986111460,122.7065168239,0.0001000000,35,(x/2) - tan(2*x),Fixed Point
1,-4.3986111460,-4.3986111460,1.4507552482,403.1945706481,0.0001000000,36,(x/2) - tan(2*x),Fixed Point
1,1.4507552482,1.4507552482,-0.4896075634,396.3098115011,0.0001000000,37,(x/2) - tan(2*x),Fixed Point
1,-0.4896075634,-0.4896075634,-2.9768632202,83.5529036039,0.0001000000,38,(x/2) - tan(2*x),Fixed Point
1,-2.9768632202,-2.9768632202,0.6838407176,535.3152925040,0.0001000000,39,(x/2) - tan(2*x),Fixed Point
1,0.6838407176,0.6838407176,9.7108600358,92.9579798792,0.0001000000,40,(x/2) - tan(2*x),Fixed Point
1,9.7108600358,9.7108600358,1.2880521372,653.9182425155,0.0001000000,41,(x/2) - tan(2*x),Fixed Point
1,1.2880521372,1.2880521372,-1.2692433685,201.4818882808,0.0001000000,42,(x/2) - tan(2*x),Fixed Point
1,-1.2692433685,-1.2692433685,1.3774123038,192.1469457597,0.0001000000,43,(x/2) - tan(2*x),Fixed Point
1,1.3774123038,1.3774123038,-0.8145637393,269.0981610704,0.0001000000,44,(x/2) - tan(2*x),Fixed Point
1,-0.8145637393,-0.8145637393,34.2481003215,102.3784202091,0.0001000000,45,(x/2) - tan(2*x),Fixed Point
1,34.2481003215,34.2481003215,-1.4243116601,2504.5369619436,0.0001000000,46,(x/2) - tan(2*x),Fixed Point
1,-1.4243116601,-1.4243116601,0.6032988340,336.0872555704,0.0001000000,47,(x/2) - tan(2*x),Fixed Point
1,0.6032988340,0.6032988340,5.2465348226,88.5010039115,0.0001000000,48,(x/2) - tan(2*x),Fixed Point
1,5.2465348226,5.2465348226,3.6392810390,44.1640468645,0.0001000000,49,(x/2) - tan(2*x),Fixed Point
1,3.6392810390,3.6392810390,3.0833677395,18.0294193399,0.0001000000,50,(x/2) - tan(2*x),Fixed Point
1,3.0833677395,3.0833677395,-0.2339581485,1417.9142332763,0.0001000000,51,(x/2) - tan(2*x),Fixed Point
1,-0.2339581485,-0.2339581485,-1.0106946111,76.8517467133,0.0001000000,52,(x/2) - tan(2*x),Fixed Point
1,-1.0106946111,-1.0106946111,4.1340548465,124.4480213405,0.0001000000,53,(x/2) - tan(2*x),Fixed Point
1,4.1340548465,4.1340548465,-4.5501295847,190.8557606900,0.0001000000,54,(x/2) - tan(2*x),Fixed Point
1,-4.5501295847,-4.5501295847,0.6728240019,776.2733749036,0.0001000000,55,(x/2) - tan(2*x),Fixed Point
1,0.6728240019,0.6728240019,8.7324244784,92.2951065475,0.0001000000,56,(x/2) - tan(2*x),Fixed Point
1,8.7324244784,8.7324244784,-10.6231776890,182.2016230369,0.0001000000,57,(x/2) - tan(2*x),Fixed Point
1,-10.6231776890,-10.6231776890,1.8438353596,676.1456755563,0.0001000000,58,(x/2) - tan(2*x),Fixed Point
1,1.8438353596,1.8438353596,1.2154438970,51.7005732842,0.0001000000,59,(x/2) - tan(2*x),Fixed Point
1,1.2154438970,1.2154438970,-1.7215100220,170.6033587627,0.0001000000,60,(x/2) - tan(2*x),Fixed Point
1,-1.7215100220,-1.7215100220,-0.6218018348,176.8583052952,0.0001000000,61,(x/2) - tan(2*x),Fixed Point
1,-0.6218018348,-0.6218018348,-5.8929053453,89.4482975999,0.0001000000,62,(x/2) - tan(2*x),Fixed Point
1,-5.8929053453,-5.8929053453,1.9807400752,397.5102800710,0.0001000000,63,(x/2) - tan(2*x),Fixed Point
1,1.9807400752,1.9807400752,2.1429440618,7.5692123507,0.0001000000,64,(x/2) - tan(2*x),Fixed Point
1,2.1429440618,2.1429440618,4.4014795254,51.3130971200,0.0001000000,65,(x/2) - tan(2*x),Fixed Point
1,4.4014795254,4.4014795254,-1.4333170532,407.0834548122,0.0001000000,66,(x/2) - tan(2*x),Fixed Point
1,-1.4333170532,-1.4333170532,0.5642077263,354.0406638408,0.0001000000,67,(x/2) - tan(2*x),Fixed Point
1,0.5642077263,0.5642077263,4.2221496336,86.6369556929,0.0001000000,68,(x/2) - tan(2*x),Fixed Point
1,4.2221496336,4.2221496336,-2.9850043529,241.4453426034,0.0001000000,69,(x/2) - tan(2*x),Fixed Point
1,-2.9850043529,-2.9850043529,0.6476672723,560.8854701413,0.0001000000,70,(x/2) - tan(2*x),Fixed Point
1,0.6476672723,0.6476672723,7.0759584011,90.8469321669,0.0001000000,71,(x/2) - tan(2*x),Fixed Point
1,7.0759584011,7.0759584011,-135.5846636844,105.2188486580,0.0001000000,72,(x/2) - tan(2*x),Fixed Point
1,-135.5846636844,-135.5846636844,-3.0630823794,4326.4125769270,0.0001000000,73,(x/2) - tan(2*x),Fixed Point
1,-3.0630823794,-3.0630823794,0.3166477488,1067.3469625088,0.0001000000,74,(x/2) - tan(2*x),Fixed Point
1,0.3166477488,0.3166477488,1.4683486320,78.4351112638,0.0001000000,75,(x/2) - tan(2*x),Fixed Point
1,1.4683486320,1.4683486320,-0.4156233732,453.2882716752,0.0001000000,76,(x/2) - tan(2*x),Fixed Point
1,-0.4156233732,-0.4156233732,-2.1923480129,81.0420895405,0.0001000000,77,(x/2) - tan(2*x),Fixed Point
1,-2.1923480129,-2.1923480129,-5.8832322633,62.7356542329,0.0001000000,78,(x/2) - tan(2*x),Fixed Point
1,-5.8832322633,-5.8832322633,2.0588902036,385.7477418258,0.0001000000,79,(x/2) - tan(2*x),Fixed Point
1,2.0588902036,2.0588902036,2.9574818884,30.3836749884,0.0001000000,80,(x/2) - tan(2*x),Fixed Point
1,2.9574818884,2.9574818884,-0.7716371025,483.2736760294,0.0001000000,81,(x/2) - tan(2*x),Fixed Point
1,-0.7716371025,-0.7716371025,-72.6504668174,98.9378772962,0.0001000000,82,(x/2) - tan(2*x),Fixed Point
1,-72.6504668174,-72.6504668174,-2.0091143612,3516.0443735969,0.0001000000,83,(x/2) - tan(2*x),Fixed Point
1,-2.0091143612,-2.0091143612,-2.4028226871,16.3852425732,0.0001000000,84,(x/2) - tan(2*x),Fixed Point
1,-2.4028226871,-2.4028226871,21.3840436897,111.2365215951,0.0001000000,85,(x/2) - tan(2*x),Fixed Point
1,21.3840436897,21.3840436897,-5.3689721505,498.2893390048,0.0001000000,86,(x/2) - tan(2*x),Fixed Point
1,-5.3689721505,-5.3689721505,-7.5905533286,29.2677105598,0.0001000000,87,(x/2) - tan(2*x),Fixed Point
1,-7.5905533286,-7.5905533286,1.1634045008,752.4431806451,0.0001000000,88,(x/2) - tan(2*x),Fixed Point
1,1.1634045008,1.1634045008,-2.1211364786,154.8481680706,0.0001000000,89,(x/2) - tan(2*x),Fixed Point
1,-2.1211364786,-2.1211364786,-3.9361410987,46.1112692510,0.0001000000,90,(x/2) - tan(2*x),Fixed Point
1,-3.9361410987,-3.9361410987,109.2740521444,103.6020821242,0.0001000000,91,(x/2) - tan(2*x),Fixed Point
1,109.2740521444,109.2740521444,-9.5038356746,1249.7889471794,0.0001000000,92,(x/2) - tan(2*x),Fixed Point
1,-9.5038356746,-9.5038356746,-0.3188927869,2880.2604719776,0.0001000000,93,(x/2) - tan(2*x),Fixed Point
1,-0.3188927869,-0.3188927869,-1.4822149973,78.4853892698,0.0001000000,94,(x/2) - tan(2*x),Fixed Point
1,-1.4822149973,-1.4822149973,0.3580794805,513.9346368927,0.0001000000,95,(x/2) - tan(2*x),Fixed Point
1,0.3580794805,0.3580794805,1.7405898653,79.4276935874,0.0001000000,96,(x/2) - tan(2*x),Fixed Point
1,1.7405898653,1.7405898653,0.7065447078,146.3524029026,0.0001000000,97,(x/2) - tan(2*x),Fixed Point
1,0.7065447078,0.7065447078,12.5764397226,94.3819974221,0.0001000000,98,(x/2) - tan(2*x),Fixed Point
1,12.5764397226,12.5764397226,0.0402818787,31121.0853479093,0.0001000000,99,(x/2) - tan(2*x),Fixed Point
1,0.0402818787,0.0402818787,0.1614770225,75.0541110766,0.0001000000,100,(x/2) - tan(2*x),Fixed Point
2,5.0000000000,5.0000000000,1.2967216549,285.5877613392,0.0001000000,1,(x/2) - tan(2*x),Fixed Point
2,1.2967216549,1.2967216549,-1.2211235641,206.1908633201,0.0001000000,2,(x/2) - tan(2*x),Fixed Point
2,-1.2211235641,-1.2211235641,1.6823404106,172.5848084269,0.0001000000,3,(x/2) - tan(2*x),Fixed Point
2,1.6823404106,1.6823404106,0.4537285320,270.7812694142,0.0001000000,4,(x/2) - tan(2*x),Fixed Point
2,0.4537285320,0.4537285320,2.5592810552,82.2712503161,0.0001000000,5,(x/2) - tan(2*x),Fixed Point
2,2.5592810552,2.5592810552,-4.6502007913,155.0359257595,0.0001000000,6,(x/2) - tan(2*x),Fixed Point
2,-4.6502007913,-4.6502007913,0.2500434356,1959.7571977761,0.0001000000,7,(x/2) - tan(2*x),Fixed Point
2,0.2500434356,0.2500434356,1.0928305856,77.1196524973,0.0001000000,8,(x/2) - tan(2*x),Fixed Point
2,1.0928305856,1.0928305856,-2.8321195211,138.5870221046,0.0001000000,9,(x/2) - tan(2*x),Fixed Point
2,-2.8321195211,-2.8321195211,1.4246388277,298.7956151390,0.0001000000,10,(x/2) - tan(2*x),Fixed Point
2,1.4246388277,1.4246388277,-0.6018713662,336.7015458299,0.0001000000,11,(x/2) - tan(2*x),Fixed Point
2,-0.6018713662,-0.6018713662,-5.2018666998,88.4297041631,0.0001000000,12,(x/2) - tan(2*x),Fixed Point
2,-5.2018666998,-5.2018666998,-2.9751938493,74.8412696201,0.0001000000,13,(x/2) - tan(2*x),Fixed Point
2,-2.9751938493,-2.9751938493,0.6913074141,530.3720441276,0.0001000000,14,(x/2) - tan(2*x),Fixed Point
2,0.6913074141,0.6913074141,10.5022858649,93.4175528737,0.0001000000,15,(x/2) - tan(2*x),Fixed Point
2,10.5022858649,10.5022858649,-3.0247307503,447.2139086744,0.0001000000,16,(x/2) - tan(2*x),Fixed Point
2,-3.0247307503,-3.0247307503,0.4761495312,735.2480789756,0.0001000000,17,(x/2) - tan(2*x),Fixed Point
2,0.4761495312,0.4761495312,2.8103986721,83.0575805498,0.0001000000,18,(x/2) - tan(2*x),Fixed Point
2,2.8103986721,2.8103986721,-1.5598767013,280.1680010865,0.0001000000,19,(x/2) - tan(2*x),Fixed Point
2,-1.5598767013,-1.5598767013,0.0436854477,3670.7009626360,0.0001000000,20,(x/2) - tan(2*x),Fixed Point
2,0.0436854477,0.0436854477,0.1751877933,75.0636463421,0.0001000000,21,(x/2) - tan(2*x),Fixed Point
2,0.1751877933,0.1751877933,0.7309083701,76.0314971859,0.0001000000,22,(x/2) - tan(2*x),Fixed Point
2,0.7309083701,0.7309083701,18.2793501589,96.0014532041,0.0001000000,23,(x/2) - tan(2*x),Fixed Point
2,18.2793501589,18.2793501589,-4.3564742199,519.5904586203,0.0001000000,24,(x/2) - tan(2*x),Fixed Point
2,-4.3564742199,-4.3564742199,1.7254296620,352.4863409825,0.0001000000,25,(x/2) - tan(2*x),Fixed Point
2,1.7254296620,1.7254296620,0.6390382371,170.0041346084,0.0001000000,26,(x/2) - tan(2*x),Fixed Point
2,0.6390382371,0.6390382371,6.6362008455,90.3704204856,0.0001000000,27,(x/2) - tan(2*x),Fixed Point
2,6.6362008455,6.6362008455,1.7053019386,289.1510761313,0.0001000000,28,(x/2) - tan(2*x),Fixed Point
2,1.7053019386,1.7053019386,0.5513878301,209.2744971011,0.0001000000,29,(x/2) - tan(2*x),Fixed Point
2,0.5513878301,0.5513878301,3.9566483067,86.0642698729,0.0001000000,30,(x/2) - tan(2*x),Fixed Point
2,3.9566483067,3.9566483067,-33.6787427958,111.7482066677,0.0001000000,31,(x/2) - tan(2*x),Fixed Point
2,-33.6787427958,-33.6787427958,-10.5843394400,218.1940921938,0.0001000000,32,(x/2) - tan(2*x),Fixed Point
2,-10.5843394400,-10.5843394400,2.1540682583,591.3650901919,0.0001000000,33,(x/2) - tan(2*x),Fixed Point
2,2.1540682583,2.1540682583,4.6749191341,53.9228766004,0.0001000000,34,(x/2) - tan(2*x),Fixed Point
2,4.6749191341,4.6749191341,-0.1501605888,3213.2797034237,0.0001000000,35,(x/2) - tan(2*x),Fixed Point
2,-0.1501605888,-0.1501605888,-0.6193763907,75.7561652226,0.0001000000,36,(x/2) - tan(2*x),Fixed Point
2,-0.6193763907,-0.6193763907,-5.8002996693,89.3216484314,0.0001000000,37,(x/2) - tan(2*x),Fixed Point
2,-5.8002996693,-5.8002996693,2.8920987838,300.5567618129,0.0001000000,38,(x/2) - tan(2*x),Fixed Point
2,2.8920987838,2.8920987838,-1.0899776997,365.3355921405,0.0001000000,39,(x/2) - tan(2*x),Fixed Point
2,-1.0899776997,-1.0899776997,2.8666935030,138.0221219542,0.0001000000,40,(x/2) - tan(2*x),Fixed Point
2,2.8666935030,2.8666935030,-1.2256554614,333.8906481614,0.0001000000,41,(x/2) - tan(2*x),Fixed Point
2,-1.2256554614,-1.2256554614,1.6516197109,174.2093021395,0.0001000000,42,(x/2) - tan(2*x),Fixed Point
2,1.6516197109,1.6516197109,0.3261391337,406.4156796868,0.0001000000,43,(x/2) - tan(2*x),Fixed Point
2,0.3261391337,0.3261391337,1.5276110901,78.6503819037,0.0001000000,44,(x/2) - tan(2*x),Fixed Point
2,1.5276110901,1.5276110901,-0.1731717733,982.1363096996,0.0001000000,45,(x/2) - tan(2*x),Fixed Point
2,-0.1731717733,-0.1731717733,-0.7217806782,76.0077017154,0.0001000000,46,(x/2) - tan(2*x),Fixed Point
2,-0.7217806782,-0.7217806782,-15.6340339075,95.3832729132,0.0001000000,47,(x/2) - tan(2*x),Fixed Point
2,-15.6340339075,-15.6340339075,0.2978914669,5348.2315361375,0.0001000000,48,(x/2) - tan(2*x),Fixed Point
2,0.2978914669,0.2978914669,1.3559274920,78.0304279821,0.0001000000,49,(x/2) - tan(2*x),Fixed Point
2,1.3559274920,1.3559274920,-0.9166071089,247.9289740158,0.0001000000,50,(x/2) - tan(2*x),Fixed Point
2,-0.9166071089,-0.9166071089,7.4456778552,112.3105931624,0.0001000000,51,(x/2) - tan(2*x),Fixed Point
2,7.4456778552,7.4456778552,-2.1289023968,449.7425652861,0.0001000000,52,(x/2) - tan(2*x),Fixed Point
2,-2.1289023968,-2.1289023968,-4.0923100404,47.9779787988,0.0001000000,53,(x/2) - tan(2*x),Fixed Point
2,-4.0923100404,-4.0923100404,5.8268542928,170.2318924544,0.0001000000,54,(x/2) - tan(2*x),Fixed Point
2,5.8268542928,5.8268542928,-2.5869213822,325.2428053216,0.0001000000,55,(x/2) - tan(2*x),Fixed Point
2,-2.5869213822,-2.5869213822,4.0220349660,164.3187193574,0.0001000000,56,(x/2) - tan(2*x),Fixed Point
2,4.0220349660,4.0220349660,-10.3943943473,138.6942695420,0.0001000000,57,(x/2) - tan(2*x),Fixed Point
2,-10.3943943473,-10.3943943473,5.1804683618,300.6458416773,0.0001000000,58,(x/2) - tan(2*x),Fixed Point
2,5.1804683618,5.1804683618,2.7164988064,90.7038703478,0.0001000000,59,(x/2) - tan(2*x),Fixed Point
2,2.7164988064,2.7164988064,-2.2775274285,219.2740325489,0.0001000000,60,(x/2) - tan(2*x),Fixed Point
2,-2.2775274285,-2.2775274285,-12.6067376589,81.9340459828,0.0001000000,61,(x/2) - tan(2*x),Fixed Point
2,-12.6067376589,-12.6067376589,-0.1618199115,7690.5973031778,0.0001000000,62,(x/2) - tan(2*x),Fixed Point
2,-0.1618199115,-0.1618199115,-0.6708676918,75.8790125920,0.0001000000,63,(x/2) - tan(2*x),Fixed Point
2,-0.6708676918,-0.6708676918,-8.5780566790,92.1792578794,0.0001000000,64,(x/2) - tan(2*x),Fixed Point
2,-8.5780566790,-8.5780566790,-16.2252174641,47.1313299932,0.0001000000,65,(x/2) - tan(2*x),Fixed Point
2,-16.2252174641,-16.2252174641,-3.3647662318,382.2093526422,0.0001000000,66,(x/2) - tan(2*x),Fixed Point
2,-3.3647662318,-3.3647662318,-0.9571155499,251.5527704064,0.0001000000,67,(x/2) - tan(2*x),Fixed Point
2,-0.9571155499,-0.9571155499,5.5927448244,117.1135208198,0.0001000000,68,(x/2) - tan(2*x),Fixed Point
2,5.5927448244,5.5927448244,-10.4040912767,153.7552456596,0.0001000000,69,(x/2) - tan(2*x),Fixed Point
2,-10.4040912767,-10.4040912767,4.8957106988,312.5144216404,0.0001000000,70,(x/2) - tan(2*x),Fixed Point
2,4.8957106988,4.8957106988,0.7680133012,537.4512903886,0.0001000000,71,(x/2) - tan(2*x),Fixed Point
2,0.7680133012,0.7680133012,57.4981255241,98.6642811497,0.0001000000,72,(x/2) - tan(2*x),Fixed Point
2,57.4981255241,57.4981255241,-5.8750135335,1078.6892438072,0.0001000000,73,(x/2) - tan(2*x),Fixed Point
2,-5.8750135335,-5.8750135335,2.1277764160,376.1104733196,0.0001000000,74,(x/2) - tan(2*x),Fixed Point
2,2.1277764160,2.1277764160,4.0690564248,47.7083580591,0.0001000000,75,(x/2) - tan(2*x),Fixed Point
2,4.0690564248,4.0690564248,-6.8485531321,159.4148332692,0.0001000000,76,(x/2) - tan(2*x),Fixed Point
2,-6.8485531321,-6.8485531321,-4.2475952632,61.2336559319,0.0001000000,77,(x/2) - tan(2*x),Fixed Point
2,-4.2475952632,-4.2475952632,2.6794402639,258.5254696811,0.0001000000,78,(x/2) - tan(2*x),Fixed Point
2,2.6794402639,2.6794402639,-2.6501190486,201.1064112524,0.0001000000,79,(x/2) - tan(2*x),Fixed Point
2,-2.6501190486,-2.6501190486,3.0009978938,188.3079276413,0.0001000000,80,(x/2) - tan(2*x),Fixed Point
2,3.0009978938,3.0009978938,-0.5776852900,619.4866384818,0.0001000000,81,(x/2) - tan(2*x),Fixed Point
2,-0.5776852900,-0.5776852900,-4.5341479274,87.2592315204,0.0001000000,82,(x/2) - tan(2*x),Fixed Point
2,-4.5341479274,-4.5341479274,0.7447836801,708.7872288718,0.0001000000,83,(x/2) - tan(2*x),Fixed Point
2,0.7447836801,0.7447836801,24.5675820622,96.9684290531,0.0001000000,84,(x/2) - tan(2*x),Fixed Point
2,24.5675820622,24.5675820622,-4.2430000731,679.0144152460,0.0001000000,85,(x/2) - tan(2*x),Fixed Point
2,-4.2430000731,-4.2430000731,2.7314536136,255.3385366688,0.0001000000,86,(x/2) - tan(2*x),Fixed Point
2,2.7314536136,2.7314536136,-2.1446227505,227.3628946115,0.0001000000,87,(x/2) - tan(2*x),Fixed Point
2,-2.1446227505,-2.1446227505,-4.4410077648,51.7086466826,0.0001000000,88,(x/2) - tan(2*x),Fixed Point
2,-4.4410077648,-4.4410077648,1.2063817552,468.1262374670,0.0001000000,89,(x/2) - tan(2*x),Fixed Point
2,1.2063817552,1.2063817552,-1.7856223319,167.5608572755,0.0001000000,90,(x/2) - tan(2*x),Fixed Point
2,-1.7856223319,-1.7856223319,-0.9163998143,94.8518871395,0.0001000000,91,(x/2) - tan(2*x),Fixed Point
2,-0.9163998143,-0.9163998143,7.4580181043,112.2874442177,0.0001000000,92,(x/2) - tan(2*x),Fixed Point
2,7.4580181043,7.4580181043,-2.0262875862,468.0631592078,0.0001000000,93,(x/2) - tan(2*x),Fixed Point
2,-2.0262875862,-2.0262875862,-2.5779620406,21.3996345066,0.0001000000,94,(x/2) - tan(2*x),Fixed Point
2,-2.5779620406,-2.5779620406,4.2095838570,161.2403061247,0.0001000000,95,(x/2) - tan(2*x),Fixed Point
2,4.2095838570,4.2095838570,-3.1535906647,233.4854235860,0.0001000000,96,(x/2) - tan(2*x),Fixed Point
2,-3.1535906647,-3.1535906647,-0.0480012580,6469.8083652977,0.0001000000,97,(x/2) - tan(2*x),Fixed Point
2,-0.0480012580,-0.0480012580,-0.1925970852,75.0768512580,0.0001000000,98,(x/2) - tan(2*x),Fixed Point
2,-0.1925970852,-0.1925970852,-0.8108961919,76.2488605659,0.0001000000,99,(x/2) - tan(2*x),Fixed Point
2,-0.8108961919,-0.8108961919,39.1847151531,102.0694196416,0.0001000000,100,(x/2) - tan(2*x),Fixed Point
3,6.4000000000,6.4000000000,0.4759499903,1244.6790903438,0.0001000000,1,(x/2) - tan(2*x),Fixed Point
3,0.4759499903,0.4759499903,2.8080257964,83.0503697330,0.0001000000,2,(x/2) - tan(2*x),Fixed Point
3,2.8080257964,2.8080257964,-1.5751987491,278.2648569295,0.0001000000,3,(x/2) - tan(2*x),Fixed Point
3,-1.5751987491,-1.5751987491,-0.0176101443,8844.8372738324,0.0001000000,4,(x/2) - tan(2*x),Fixed Point
3,-0.0176101443,-0.0176101443,-0.0704697180,75.0103380943,0.0001000000,5,(x/2) - tan(2*x),Fixed Point
3,-0.0704697180,-0.0704697180,-0.2837602288,75.1657523293,0.0001000000,6,(x/2) - tan(2*x),Fixed Point
3,-0.2837602288,-0.2837602288,-1.2749517123,77.7434528669,0.0001000000,7,(x/2) - tan(2*x),Fixed Point
3,-1.2749517123,-1.2749517123,1.3440098733,194.8617817225,0.0001000000,8,(x/2) - tan(2*x),Fixed Point
3,1.3440098733,1.3440098733,-0.9749386401,237.8558421963,0.0001000000,9,(x/2) - tan(2*x),Fixed Point
3,-0.9749386401,-0.9749386401,5.0207425741,119.4182160456,0.0001000000,10,(x/2) - tan(2*x),Fixed Point
3,5.0207425741,5.0207425741,1.4178991997,254.0972852886,0.0001000000,11,(x/2) - tan(2*x),Fixed Point
3,1.4178991997,1.4178991997,-0.6313928415,324.5668791955,0.0001000000,12,(x/2) - tan(2*x),Fixed Point
3,-0.6313928415,-0.6313928415,-6.2866311076,89.9565787986,0.0001000000,13,(x/2) - tan(2*x),Fixed Point
3,-6.2866311076,-6.2866311076,-0.0137834200,45510.0960540339,0.0001000000,14,(x/2) - tan(2*x),Fixed Point
3,-0.0137834200,-0.0137834200,-0.0551476502,75.0063330764,0.0001000000,15,(x/2) - tan(2*x),Fixed Point
3,-0.0551476502,-0.0551476502,-0.2214894739,75.1014577554,0.0001000000,16,(x/2) - tan(2*x),Fixed Point
3,-0.2214894739,-0.2214894739,-0.9488496675,76.6570531162,0.0001000000,17,(x/2) - tan(2*x),Fixed Point
3,-0.9488496675,-0.9488496675,5.8985186592,116.0862366016,0.0001000000,18,(x/2) - tan(2*x),Fixed Point
3,5.8985186592,5.8985186592,-1.9367511732,404.5573815023,0.0001000000,19,(x/2) - tan(2*x),Fixed Point
3,-1.9367511732,-1.9367511732,-1.7967250869,7.7934063055,0.0001000000,20,(x/2) - tan(2*x),Fixed Point
3,-1.7967250869,-1.7967250869,-0.9706961678,85.0965468422,0.0001000000,21,(x/2) - tan(2*x),Fixed Point
3,-0.9706961678,-0.9706961678,5.1473560462,118.8581508467,0.0001000000,22,(x/2) - tan(2*x),Fixed Point
3,5.1473560462,5.1473560462,2.3703329190,117.1575142450,0.0001000000,23,(x/2) - tan(2*x),Fixed Point
3,2.3703329190,2.3703329190,-70.7103649267,103.3521718088,0.0001000000,24,(x/2) - tan(2*x),Fixed Point
3,-70.7103649267,-70.7103649267,-0.0981996828,71906.7141668256,0.0001000000,25,(x/2) - tan(2*x),Fixed Point
3,-0.0981996828,-0.0981996828,-0.3979283281,75.3222688908,0.0001000000,26,(x/2) - tan(2*x),Fixed Point
3,-0.3979283281,-0.3979283281,-2.0422776738,80.5154640208,0.0001000000,27,(x/2) - tan(2*x),Fixed Point
3,-2.0422776738,-2.0422776738,-2.7555727195,25.8855460649,0.0001000000,28,(x/2) - tan(2*x),Fixed Point
3,-2.7555727195,-2.7555727195,1.9472680913,241.5096735682,0.0001000000,29,(x/2) - tan(2*x),Fixed Point
3,1.9472680913,1.9472680913,1.8742194589,3.8975495643,0.0001000000,30,(x/2) - tan(2*x),Fixed Point
3,1.8742194589,1.8742194589,1.3884697495,34.9845367285,0.0001000000,31,(x/2) - tan(2*x),Fixed Point
3,1.3884697495,1.3884697495,-0.7634492408,281.8679848320,0.0001000000,32,(x/2) - tan(2*x),Fixed Point
3,-0.7634492408,-0.7634492408,-45.5310538666,98.3232339778,0.0001000000,33,(x/2) - tan(2*x),Fixed Point
3,-45.5310538666,-45.5310538666,0.0882155830,51713.3910897226,0.0001000000,34,(x/2) - tan(2*x),Fixed Point
3,0.0882155830,0.0882155830,0.3565697957,75.2599395425,0.0001000000,35,(x/2) - tan(2*x),Fixed Point
3,0.3565697957,0.3565697957,1.7300050867,79.3890897546,0.0001000000,36,(x/2) - tan(2*x),Fixed Point
3,1.7300050867,1.7300050867,0.6592681157,162.4129766846,0.0001000000,37,(x/2) - tan(2*x),Fixed Point
3,0.6592681157,0.6592681157,7.7594337190,91.5036568445,0.0001000000,38,(x/2) - tan(2*x),Fixed Point
3,7.7594337190,7.7594337190,-0.3827647755,2127.2068424272,0.0001000000,39,(x/2) - tan(2*x),Fixed Point
3,-0.3827647755,-0.3827647755,-1.9220637792,80.0857401491,0.0001000000,40,(x/2) - tan(2*x),Fixed Point
3,-1.9220637792,-1.9220637792,-1.6932619078,13.5124915019,0.0001000000,41,(x/2) - tan(2*x),Fixed Point
3,-1.6932619078,-1.6932619078,-0.4998990612,238.7207616693,0.0001000000,42,(x/2) - tan(2*x),Fixed Point
3,-0.4998990612,-0.4998990612,-3.1134328134,83.9437980135,0.0001000000,43,(x/2) - tan(2*x),Fixed Point
3,-3.1134328134,-3.1134328134,0.1127586060,2861.1487270476,0.0001000000,44,(x/2) - tan(2*x),Fixed Point
3,0.1127586060,0.1127586060,0.4588394805,75.4252607350,0.0001000000,45,(x/2) - tan(2*x),Fixed Point
3,0.4588394805,0.4588394805,2.6139177203,82.4462921341,0.0001000000,46,(x/2) - tan(2*x),Fixed Point
3,2.6139177203,2.6139177203,-3.5302557151,174.0432968935,0.0001000000,47,(x/2) - tan(2*x),Fixed Point
3,-3.5302557151,-3.5302557151,-1.9679696930,79.3856748724,0.0001000000,48,(x/2) - tan(2*x),Fixed Point
3,-1.9679696930,-1.9679696930,-2.0361184489,3.3469936813,0.0001000000,49,(x/2) - tan(2*x),Fixed Point
3,-2.0361184489,-2.0361184489,-2.6853558915,24.1769608539,0.0001000000,50,(x/2) - tan(2*x),Fixed Point
3,-2.6853558915,-2.6853558915,2.5859138669,203.8455273345,0.0001000000,51,(x/2) - tan(2*x),Fixed Point
3,2.5859138669,2.5859138669,-4.0424461046,163.9690375596,0.0001000000,52,(x/2) - tan(2*x),Fixed Point
3,-4.0424461046,-4.0424461046,8.5068712692,147.5197752103,0.0001000000,53,(x/2) - tan(2*x),Fixed Point
3,8.5068712692,8.5068712692,7.3691732155,15.4386119093,0.0001000000,54,(x/2) - tan(2*x),Fixed Point
3,7.3691732155,7.3691732155,-2.9160055552,352.7146494107,0.0001000000,55,(x/2) - tan(2*x),Fixed Point
3,-2.9160055552,-2.9160055552,0.9690081494,400.9268350387,0.0001000000,56,(x/2) - tan(2*x),Fixed Point
3,0.9690081494,0.9690081494,-5.1992840222,118.6373382419,0.0001000000,57,(x/2) - tan(2*x),Fixed Point
3,-5.1992840222,-5.1992840222,-2.9422546591,76.7108773576,0.0001000000,58,(x/2) - tan(2*x),Fixed Point
3,-2.9422546591,-2.9422546591,0.8424668152,449.2427958149,0.0001000000,59,(x/2) - tan(2*x),Fixed Point
3,0.8424668152,0.8424668152,-17.4465972438,104.8288316821,0.0001000000,60,(x/2) - tan(2*x),Fixed Point
3,-17.4465972438,-17.4465972438,-0.6977568585,2400.3834833220,0.0001000000,61,(x/2) - tan(2*x),Fixed Point
3,-0.6977568585,-0.6977568585,-11.2930499101,93.8213603583,0.0001000000,62,(x/2) - tan(2*x),Fixed Point
3,-11.2930499101,-11.2930499101,-1.3535009361,734.3584853788,0.0001000000,63,(x/2) - tan(2*x),Fixed Point
3,-1.3535009361,-1.3535009361,0.9283783225,245.7919582304,0.0001000000,64,(x/2) - tan(2*x),Fixed Point
3,0.9283783225,0.9283783225,-6.8022897339,113.6480267496,0.0001000000,65,(x/2) - tan(2*x),Fixed Point
3,-6.8022897339,-6.8022897339,-3.3932925433,100.4628144216,0.0001000000,66,(x/2) - tan(2*x),Fixed Point
3,-3.3932925433,-3.3932925433,-1.1014503050,208.0749560704,0.0001000000,67,(x/2) - tan(2*x),Fixed Point
3,-1.1014503050,-1.1014503050,2.7309621675,140.3319503330,0.0001000000,68,(x/2) - tan(2*x),Fixed Point
3,2.7309621675,2.7309621675,-2.1488533555,227.0892758014,0.0001000000,69,(x/2) - tan(2*x),Fixed Point
3,-2.1488533555,-2.1488533555,-4.5432926871,52.7027311810,0.0001000000,70,(x/2) - tan(2*x),Fixed Point
3,-4.5432926871,-4.5432926871,0.7034092008,745.8961131231,0.0001000000,71,(x/2) - tan(2*x),Fixed Point
3,0.7034092008,0.7034092008,12.0872485789,94.1805680906,0.0001000000,72,(x/2) - tan(2*x),Fixed Point
3,12.0872485789,12.0872485789,-2.8460649126,524.7003828161,0.0001000000,73,(x/2) - tan(2*x),Fixed Point
3,-2.8460649126,-2.8460649126,1.3421707739,312.0493880495,0.0001000000,74,(x/2) - tan(2*x),Fixed Point
3,1.3421707739,1.3421707739,-0.9840595064,236.3912207706,0.0001000000,75,(x/2) - tan(2*x),Fixed Point
3,-0.9840595064,-0.9840595064,4.7659798493,120.6475800885,0.0001000000,76,(x/2) - tan(2*x),Fixed Point
3,4.7659798493,4.7659798493,0.2151881293,2114.7968224460,0.0001000000,77,(x/2) - tan(2*x),Fixed Point
3,0.2151881293,0.2151881293,0.9181530006,76.5629335069,0.0001000000,78,(x/2) - tan(2*x),Fixed Point
3,0.9181530006,0.9181530006,-7.3548382536,112.4836599933,0.0001000000,79,(x/2) - tan(2*x),Fixed Point
3,-7.3548382536,-7.3548382536,3.1031092053,337.0151279571,0.0001000000,80,(x/2) - tan(2*x),Fixed Point
3,3.1031092053,3.1031092053,-0.1542384780,2111.8904474156,0.0001000000,81,(x/2) - tan(2*x),Fixed Point
3,-0.1542384780,-0.1542384780,-0.6372979992,75.7980602158,0.0001000000,82,(x/2) - tan(2*x),Fixed Point
3,-0.6372979992,-0.6372979992,-6.5535553760,90.2755380458,0.0001000000,83,(x/2) - tan(2*x),Fixed Point
3,-6.5535553760,-6.5535553760,-1.2008723017,445.7329115428,0.0001000000,84,(x/2) - tan(2*x),Fixed Point
3,-1.2008723017,-1.2008723017,1.8256218732,165.7788077239,0.0001000000,85,(x/2) - tan(2*x),Fixed Point
3,1.8256218732,1.8256218732,1.1178014617,63.3225519597,0.0001000000,86,(x/2) - tan(2*x),Fixed Point
3,1.1178014617,1.1178014617,-2.5515554287,143.8086294017,0.0001000000,87,(x/2) - tan(2*x),Fixed Point
3,-2.5515554287,-2.5515554287,4.8555590675,152.5491584639,0.0001000000,88,(x/2) - tan(2*x),Fixed Point
3,4.8555590675,4.8555590675,0.5888627663,724.5654752046,0.0001000000,89,(x/2) - tan(2*x),Fixed Point
3,0.5888627663,0.5888627663,4.8233552536,87.7914286761,0.0001000000,90,(x/2) - tan(2*x),Fixed Point
3,4.8233552536,4.8233552536,0.4512989719,968.7716024565,0.0001000000,91,(x/2) - tan(2*x),Fixed Point
3,0.4512989719,0.4512989719,2.5338075833,82.1889012075,0.0001000000,92,(x/2) - tan(2*x),Fixed Point
3,2.5338075833,2.5338075833,-5.3913816547,146.9973699804,0.0001000000,93,(x/2) - tan(2*x),Fixed Point
3,-5.3913816547,-5.3913816547,-9.2557072108,41.7507324737,0.0001000000,94,(x/2) - tan(2*x),Fixed Point
3,-9.2557072108,-9.2557072108,0.7032943913,1416.0501952945,0.0001000000,95,(x/2) - tan(2*x),Fixed Point
3,0.7032943913,0.7032943913,12.0700393841,94.1732220669,0.0001000000,96,(x/2) - tan(2*x),Fixed Point
3,12.0700393841,12.0700393841,-3.0651127779,493.7877741723,0.0001000000,97,(x/2) - tan(2*x),Fixed Point
3,-3.0651127779,-3.0651127779,0.3083278785,1094.1082177709,0.0001000000,98,(x/2) - tan(2*x),Fixed Point
3,0.3083278785,0.3083278785,1.4177446455,78.2522276141,0.0001000000,99,(x/2) - tan(2*x),Fixed Point
3,1.4177446455,1.4177446455,-0.6320727388,324.3008689368,0.0001000000,100,(x/2) - tan(2*x),Fixed Point
4,9.5000000000,9.5000000000,0.3031789412,3033.4630174581,0.0001000000,1,(x/2) - tan(2*x),Fixed Point
4,0.3031789412,0.3031789412,1.3870227134,78.1417464689,0.0001000000,2,(x/2) - tan(2*x),Fixed Point
4,1.3870227134,1.3870227134,-0.7700881497,280.1122006440,0.0001000000,3,(x/2) - tan(2*x),Fixed Point
4,-0.7700881497,-0.7700881497,-65.2963134832,98.8206253789,0.0001000000,4,(x/2) - tan(2*x),Fixed Point
4,-65.2963134832,-65.2963134832,9.0917089976,818.1962544198,0.0001000000,5,(x/2) - tan(2*x),Fixed Point
4,9.0917089976,9.0917089976,-1.5719743012,678.3624446494,0.0001000000,6,(x/2) - tan(2*x),Fixed Point
4,-1.5719743012,-1.5719743012,-0.0047119063,33261.7482313939,0.0001000000,7,(x/2) - tan(2*x),Fixed Point
4,-0.0047119063,-0.0047119063,-0.0188481830,75.0007400731,0.0001000000,8,(x/2) - tan(2*x),Fixed Point
4,-0.0188481830,-0.0188481830,-0.0754284636,75.0118429220,0.0001000000,9,(x/2) - tan(2*x),Fixed Point
4,-0.0754284636,-0.0754284636,-0.3040236658,75.1899367949,0.0001000000,10,(x/2) - tan(2*x),Fixed Point
4,-0.3040236658,-0.3040236658,-1.3920325943,78.1597308125,0.0001000000,11,(x/2) - tan(2*x),Fixed Point
4,-1.3920325943,-1.3920325943,0.7471652580,286.3085280455,0.0001000000,12,(x/2) - tan(2*x),Fixed Point
4,0.7471652580,0.7471652580,26.1044831293,97.1377894964,0.0001000000,13,(x/2) - tan(2*x),Fixed Point
4,26.1044831293,26.1044831293,-5.1156368284,610.2880443829,0.0001000000,14,(x/2) - tan(2*x),Fixed Point
4,-5.1156368284,-5.1156368284,-2.0862219948,145.2105692060,0.0001000000,15,(x/2) - tan(2*x),Fixed Point
4,-2.0862219948,-2.0862219948,-3.3369213542,37.4806363901,0.0001000000,16,(x/2) - tan(2*x),Fixed Point
4,-3.3369213542,-3.3369213542,-0.8236472056,305.1396437358,0.0001000000,17,(x/2) - tan(2*x),Fixed Point
4,-0.8236472056,-0.8236472056,26.0934269218,103.1565313672,0.0001000000,18,(x/2) - tan(2*x),Fixed Point
4,26.0934269218,26.0934269218,-5.4692580280,577.0926291639,0.0001000000,19,(x/2) - tan(2*x),Fixed Point
4,-5.4692580280,-5.4692580280,-35.0138630219,84.3797354647,0.0001000000,20,(x/2) - tan(2*x),Fixed Point
4,-35.0138630219,-35.0138630219,-2.5870584398,1253.4237373102,0.0001000000,21,(x/2) - tan(2*x),Fixed Point
4,-2.5870584398,-2.5870584398,4.0192711120,164.3663581691,0.0001000000,22,(x/2) - tan(2*x),Fixed Point
4,4.0192711120,4.0192711120,-10.7132289514,137.5168973824,0.0001000000,23,(x/2) - tan(2*x),Fixed Point
4,-10.7132289514,-10.7132289514,1.2670065424,945.5543513855,0.0001000000,24,(x/2) - tan(2*x),Fixed Point
4,1.2670065424,1.2670065424,-1.3906443160,191.1093172973,0.0001000000,25,(x/2) - tan(2*x),Fixed Point
4,-1.3906443160,-1.3906443160,0.7534999728,284.5579782768,0.0001000000,26,(x/2) - tan(2*x),Fixed Point
4,0.7534999728,0.7534999728,31.3071980686,97.5932053354,0.0001000000,27,(x/2) - tan(2*x),Fixed Point
4,31.3071980686,31.3071980686,-0.4419014007,7184.6568988244,0.0001000000,28,(x/2) - tan(2*x),Fixed Point
4,-0.4419014007,-0.4419014007,-2.4381496983,81.8755427124,0.0001000000,29,(x/2) - tan(2*x),Fixed Point
4,-2.4381496983,-2.4381496983,12.0923172578,120.1627996214,0.0001000000,30,(x/2) - tan(2*x),Fixed Point
4,12.0923172578,12.0923172578,-2.7856035967,534.1004323801,0.0001000000,31,(x/2) - tan(2*x),Fixed Point
4,-2.7856035967,-2.7856035967,1.7259481023,261.3955595160,0.0001000000,32,(x/2) - tan(2*x),Fixed Point
4,1.7259481023,1.7259481023,0.6413244720,169.1224454497,0.0001000000,33,(x/2) - tan(2*x),Fixed Point
4,0.6413244720,0.6413244720,6.7477224244,90.4956897799,0.0001000000,34,(x/2) - tan(2*x),Fixed Point
4,6.7477224244,6.7477224244,2.6765736013,152.1030029277,0.0001000000,35,(x/2) - tan(2*x),Fixed Point
4,2.6765736013,2.6765736013,-2.6819608978,199.7991284474,0.0001000000,36,(x/2) - tan(2*x),Fixed Point
4,-2.6819608978,-2.6819608978,2.6225179128,202.2666379012,0.0001000000,37,(x/2) - tan(2*x),Fixed Point
4,2.6225179128,2.6225179128,-3.3928320300,177.2958369171,0.0001000000,38,(x/2) - tan(2*x),Fixed Point
4,-3.3928320300,-3.3928320300,-1.0990507770,208.7056668369,0.0001000000,39,(x/2) - tan(2*x),Fixed Point
4,-1.0990507770,-1.0990507770,2.7586379019,139.8403420851,0.0001000000,40,(x/2) - tan(2*x),Fixed Point
4,2.7586379019,2.7586379019,-1.9235260527,243.4156765399,0.0001000000,41,(x/2) - tan(2*x),Fixed Point
4,-1.9235260527,-1.9235260527,-1.7033284925,12.9274864603,0.0001000000,42,(x/2) - tan(2*x),Fixed Point
4,-1.7033284925,-1.7033284925,-0.5429032497,213.7443906071,0.0001000000,43,(x/2) - tan(2*x),Fixed Point
4,-0.5429032497,-0.5429032497,-3.7952848833,85.6953228432,0.0001000000,44,(x/2) - tan(2*x),Fixed Point
4,-3.7952848833,-3.7952848833,-7.4162467104,48.8247218372,0.0001000000,45,(x/2) - tan(2*x),Fixed Point
4,-7.4162467104,-7.4162467104,2.3971315917,409.3800413856,0.0001000000,46,(x/2) - tan(2*x),Fixed Point
4,2.3971315917,2.3971315917,-24.3731115061,109.8351480116,0.0001000000,47,(x/2) - tan(2*x),Fixed Point
4,-24.3731115061,-24.3731115061,38.7727957708,162.8613723142,0.0001000000,48,(x/2) - tan(2*x),Fixed Point
4,38.7727957708,38.7727957708,-3.0756015906,1360.6572934893,0.0001000000,49,(x/2) - tan(2*x),Fixed Point
4,-3.0756015906,-3.0756015906,0.2655076963,1258.3850991824,0.0001000000,50,(x/2) - tan(2*x),Fixed Point
4,0.2655076963,0.2655076963,1.1745636010,77.3952048214,0.0001000000,51,(x/2) - tan(2*x),Fixed Point
4,1.1745636010,1.1745636010,-2.0284708381,157.9038938581,0.0001000000,52,(x/2) - tan(2*x),Fixed Point
4,-2.0284708381,-2.0284708381,-2.6013364041,22.0219716726,0.0001000000,53,(x/2) - tan(2*x),Fixed Point
4,-2.6013364041,-2.6013364041,3.7470530862,169.4235268156,0.0001000000,54,(x/2) - tan(2*x),Fixed Point
4,3.7470530862,3.7470530862,5.3154638032,29.5065637740,0.0001000000,55,(x/2) - tan(2*x),Fixed Point
4,5.3154638032,5.3154638032,5.2394809075,1.4501989235,0.0001000000,56,(x/2) - tan(2*x),Fixed Point
4,5.2394809075,5.2394809075,3.5206775649,48.8202430040,0.0001000000,57,(x/2) - tan(2*x),Fixed Point
4,3.5206775649,3.5206775649,1.8939480462,85.8909262028,0.0001000000,58,(x/2) - tan(2*x),Fixed Point
4,1.8939480462,1.8939480462,1.5087757489,25.5287969509,0.0001000000,59,(x/2) - tan(2*x),Fixed Point
4,1.5087757489,1.5087757489,-0.2493625402,705.0530876640,0.0001000000,60,(x/2) - tan(2*x),Fixed Point
4,-0.2493625402,-0.2493625402,-1.0892964526,77.1079269023,0.0001000000,61,(x/2) - tan(2*x),Fixed Point
4,-1.0892964526,-1.0892964526,2.8750332259,137.8881343984,0.0001000000,62,(x/2) - tan(2*x),Fixed Point
4,2.8750332259,2.8750332259,-1.1802285016,343.5997115774,0.0001000000,63,(x/2) - tan(2*x),Fixed Point
4,-1.1802285016,-1.1802285016,1.9830222131,159.5166556277,0.0001000000,64,(x/2) - tan(2*x),Fixed Point
4,1.9830222131,1.9830222131,2.1626491727,8.3058760453,0.0001000000,65,(x/2) - tan(2*x),Fixed Point
4,2.1626491727,2.1626491727,4.9060730027,55.9189361526,0.0001000000,66,(x/2) - tan(2*x),Fixed Point
4,4.9060730027,4.9060730027,0.8159631325,501.2616020623,0.0001000000,67,(x/2) - tan(2*x),Fixed Point
4,0.8159631325,0.8159631325,-32.6764297827,102.4971000134,0.0001000000,68,(x/2) - tan(2*x),Fixed Point
4,-32.6764297827,-32.6764297827,1.4295885663,2385.7226584539,0.0001000000,69,(x/2) - tan(2*x),Fixed Point
4,1.4295885663,1.4295885663,-0.5803428060,346.3351921636,0.0001000000,70,(x/2) - tan(2*x),Fixed Point
4,-0.5803428060,-0.5803428060,-4.6002091592,87.3844256666,0.0001000000,71,(x/2) - tan(2*x),Fixed Point
4,-4.6002091592,-4.6002091592,0.4564031334,1107.9267258188,0.0001000000,72,(x/2) - tan(2*x),Fixed Point
4,0.4564031334,0.4564031334,2.5876926350,82.3625446374,0.0001000000,73,(x/2) - tan(2*x),Fixed Point
4,2.5876926350,2.5876926350,-4.0065216900,164.5870117587,0.0001000000,74,(x/2) - tan(2*x),Fixed Point
4,-4.0065216900,-4.0065216900,12.4675130202,132.1356928482,0.0001000000,75,(x/2) - tan(2*x),Fixed Point
4,12.4675130202,12.4675130202,-0.4006648699,3211.7060555019,0.0001000000,76,(x/2) - tan(2*x),Fixed Point
4,-0.4006648699,-0.4006648699,-2.0647635711,80.5951211295,0.0001000000,77,(x/2) - tan(2*x),Fixed Point
4,-2.0647635711,-2.0647635711,-3.0336749443,31.9385362956,0.0001000000,78,(x/2) - tan(2*x),Fixed Point
4,-3.0336749443,-3.0336749443,0.4385012617,791.8280993880,0.0001000000,79,(x/2) - tan(2*x),Fixed Point
4,0.4385012617,0.4385012617,2.4046142579,81.7641744316,0.0001000000,80,(x/2) - tan(2*x),Fixed Point
4,2.4046142579,2.4046142579,-20.5881218933,111.6796192986,0.0001000000,81,(x/2) - tan(2*x),Fixed Point
4,-20.5881218933,-20.5881218933,-0.6974517478,2851.9062726512,0.0001000000,82,(x/2) - tan(2*x),Fixed Point
4,-0.6974517478,-0.6974517478,-11.2530555974,93.8021123080,0.0001000000,83,(x/2) - tan(2*x),Fixed Point
4,-11.2530555974,-11.2530555974,-1.1317844808,894.2754816232,0.0001000000,84,(x/2) - tan(2*x),Fixed Point
4,-1.1317844808,-1.1317844808,2.4096150220,146.9695146504,0.0001000000,85,(x/2) - tan(2*x),Fixed Point
4,2.4096150220,2.4096150220,-18.6481126726,112.9214954046,0.0001000000,86,(x/2) - tan(2*x),Fixed Point
4,-18.6481126726,-18.6481126726,0.8523997136,2287.7192560540,0.0001000000,87,(x/2) - tan(2*x),Fixed Point
4,0.8523997136,0.8523997136,-14.8355852834,105.7456426376,0.0001000000,88,(x/2) - tan(2*x),Fixed Point
4,-14.8355852834,-14.8355852834,-11.3807117378,30.3572713661,0.0001000000,89,(x/2) - tan(2*x),Fixed Point
4,-11.3807117378,-11.3807117378,-1.9404036952,486.5125780816,0.0001000000,90,(x/2) - tan(2*x),Fixed Point
4,-1.9404036952,-1.9404036952,-1.8233012040,6.4225532736,0.0001000000,91,(x/2) - tan(2*x),Fixed Point
4,-1.8233012040,-1.8233012040,-1.1056505879,64.9075416718,0.0001000000,92,(x/2) - tan(2*x),Fixed Point
4,-1.1056505879,-1.1056505879,2.6833793717,141.2036627986,0.0001000000,93,(x/2) - tan(2*x),Fixed Point
4,2.6833793717,2.6833793717,-2.6071454646,202.9240373471,0.0001000000,94,(x/2) - tan(2*x),Fixed Point
4,-2.6071454646,-2.6071454646,3.6444832793,171.5367657025,0.0001000000,95,(x/2) - tan(2*x),Fixed Point
4,3.6444832793,3.6444832793,3.1547833276,15.5224591019,0.0001000000,96,(x/2) - tan(2*x),Fixed Point
4,3.1547833276,3.1547833276,0.0527749398,5877.8056392215,0.0001000000,97,(x/2) - tan(2*x),Fixed Point
4,0.0527749398,0.0527749398,0.2118872070,75.0929088361,0.0001000000,98,(x/2) - tan(2*x),Fixed Point
4,0.2118872070,0.2118872070,0.9022146911,76.5147687080,0.0001000000,99,(x/2) - tan(2*x),Fixed Point
4,0.9022146911,0.9022146911,-8.4041073761,110.7354017593,0.0001000000,100,(x/2) - tan(2*x),Fixed Point
0,2.1000000000,2.1000000000,2.0069454543,4.6366255504,0.0001000000,1,(x/2) - tan(2*x),Newton Raphson
0,2.0069454543,2.0069454543,1.9637304435,2.2006590025,0.0001000000,2,(x/2) - tan(2*x),Newton Raphson
0,1.9637304435,1.9637304435,1.9582861956,0.2780108418,0.0001000000,3,(x/2) - tan(2*x),Newton Raphson
0,1.9582861956,1.9582861956,1.9582176946,0.0034981264,0.0001000000,4,(x/2) - tan(2*x),Newton Raphson
0,1.9582176946,1.9582176946,1.9582176841,0.0000005381,0.0001000000,5,(x/2) - tan(2*x),Newton Raphson
1,3.7000000000,3.7000000000,3.6798685193,0.5470706525,0.0001000000,1,(x/2) - tan(2*x),Newton Raphson
1,3.6798685193,3.6798685193,3.6779776742,0.0514099119,0.0001000000,2,(x/2) - tan(2*x),Newton Raphson
1,3.6779776742,3.6779776742,3.6779635123,0.0003850460,0.0001000000,3,(x/2) - tan(2*x),Newton Raphson
1,3.6779635123,3.6779635123,3.6779635116,0.0000000213,0.0001000000,4,(x/2) - tan(2*x),Newton Raphson
2,5.3500000000,5.3500000000,5.3235973067,0.4959558693,0.0001000000,1,(x/2) - tan(2*x),Newton Raphson
2,5.3235973067,5.3235973067,5.3181023990,0.1033245929,0.0001000000,2,(x/2) - tan(2*x),Newton Raphson
2,5.3181023990,5.3181023990,5.3179258818,0.0033192875,0.0001000000,3,(x/2) - tan(2*x),Newton Raphson
2,5.3179258818,5.3179258818,5.3179257105,0.0000032218,0.0001000000,4,(x/2) - tan(2*x),Newton Raphson
3,7.0000000000,7.0000000000,6.9648290214,0.5049797853,0.0001000000,1,(x/2) - tan(2*x),Newton Raphson
3,6.9648290214,6.9648290214,6.9376452975,0.3918292547,0.0001000000,2,(x/2) - tan(2*x),Newton Raphson
3,6.9376452975,6.9376452975,6.9287125703,0.1289233330,0.0001000000,3,(x/2) - tan(2*x),Newton Raphson
3,6.9287125703,6.9287125703,6.9280663071,0.0093281901,0.0001000000,4,(x/2) - tan(2*x),Newton Raphson
3,6.9280663071,6.9280663071,6.9280633294,0.0000429802,0.0001000000,5,(x/2) - tan(2*x),Newton Raphson
4,10.2000000000,10.2000000000,10.1908818415,0.0894736949,0.0001000000,1,(x/2) - tan(2*x),Newton Raphson
4,10.1908818415,10.1908818415,10.1753928139,0.1522204391,0.0001000000,2,(x/2) - tan(2*x),Newton Raphson
4,10.1753928139,10.1753928139,10.1529856955,0.2206948674,0.0001000000,3,(x/2) - tan(2*x),Newton Raphson
4,10.1529856955,10.1529856955,10.1292788377,0.2340428987,0.0001000000,4,(x/2) - tan(2*x),Newton Raphson
4,10.1292788377,10.1292788377,10.1154093323,0.1371126467,0.0001000000,5,(x/2) - tan(2*x),Newton Raphson
4,10.1154093323,10.1154093323,10.1126324990,0.0274590545,0.0001000000,6,(x/2) - tan(2*x),Newton Raphson
4,10.1126324990,10.1126324990,10.1125490292,0.0008254085,0.0001000000,7,(x/2) - tan(2*x),Newton Raphson
4,10.1125490292,10.1125490292,10.1125489579,0.0000007045,0.0001000000,8,(x/2) - tan(2*x),Newton Raphson
0,2.1000000000,1.8305062197,1.8305062197,14.7223635431,0.0001000000,1,(x/2) - tan(2*x),Secant
0,1.8305062197,1.9169113375,1.9169113375,4.5075176984,0.0001000000,2,(x/2) - tan(2*x),Secant
0,1.9169113375,1.9691195876,1.9691195876,2.6513498971,0.0001000000,3,(x/2) - tan(2*x),Secant
0,1.9691195876,1.9572189932,1.9572189932,0.6080359170,0.0001000000,4,(x/2) - tan(2*x),Secant
0,1.9572189932,1.9581931494,1.9581931494,0.0497477089,0.0001000000,5,(x/2) - tan(2*x),Secant
0,1.9581931494,1.9582177391,1.9582177391,0.0012557169,0.0001000000,6,(x/2) - tan(2*x),Secant
0,1.9582177391,1.9582176841,1.9582176841,0.0000028078,0.0001000000,7,(x/2) - tan(2*x),Secant
1,3.7000000000,3.6299102678,3.6299102678,1.9308943483,0.0001000000,1,(x/2) - tan(2*x),Secant
1,3.6299102678,3.6738466195,3.6738466195,1.1959223195,0.0001000000,2,(x/2) - tan(2*x),Secant
1,3.6738466195,3.6787291979,3.6787291979,0.1327245942,0.0001000000,3,(x/2) - tan(2*x),Secant
1,3.6787291979,3.6779512220,3.6779512220,0.0211524260,0.0001000000,4,(x/2) - tan(2*x),Secant
1,3.6779512220,3.6779634749,3.6779634749,0.0003331428,0.0001000000,5,(x/2) - tan(2*x),Secant
1,3.6779634749,3.6779635116,3.6779635116,0.0000009981,0.0001000000,6,(x/2) - tan(2*x),Secant
2,5.3500000000,5.2633610953,5.2633610953,1.6460756366,0.0001000000,1,(x/2) - tan(2*x),Secant
2,5.2633610953,5.3083323114,5.3083323114,0.8471816265,0.0001000000,2,(x/2) - tan(2*x),Secant
2,5.3083323114,5.3207822310,5.3207822310,0.2339866408,0.0001000000,3,(x/2) - tan(2*x),Secant
2,5.3207822310,5.3177754011,5.3177754011,0.0565430023,0.0001000000,4,(x/2) - tan(2*x),Secant
2,5.3177754011,5.3179233536,5.3179233536,0.0027821488,0.0001000000,5,(x/2) - tan(2*x),Secant
2,5.3179233536,5.3179257124,5.3179257124,0.0000443550,0.0001000000,6,(x/2) - tan(2*x),Secant
3,7.0000000000,6.6649936814,6.6649936814,5.0263561322,0.0001000000,1,(x/2) - tan(2*x),Secant
3,6.6649936814,6.7950131860,6.7950131860,1.9134547798,0.0001000000,2,(x/2) - tan(2*x),Secant
3,6.7950131860,7.1637343990,7.1637343990,5.1470530944,0.0001000000,3,(x/2) - tan(2*x),Secant
3,7.1637343990,6.7027453987,6.7027453987,6.8776146619,0.0001000000,4,(x/2) - tan(2*x),Secant
3,6.7027453987,6.5449027210,6.5449027210,2.4116886757,0.0001000000,5,(x/2) - tan(2*x),Secant
3,6.5449027210,7.4746023227,7.4746023227,12.4381145854,0.0001000000,6,(x/2) - tan(2*x),Secant
3,7.4746023227,5.2857339957,5.2857339957,41.4108679834,0.0001000000,7,(x/2) - tan(2*x),Secant
3,5.2857339957,5.0656502966,5.0656502966,4.3446287504,0.0001000000,8,(x/2) - tan(2*x),Secant
3,5.0656502966,5.3610252784,5.3610252784,5.5096733638,0.0001000000,9,(x/2) - tan(2*x),Secant
3,5.3610252784,5.2591726315,5.2591726315,1.9366667347,0.0001000000,10,(x/2) - tan(2*x),Secant
3,5.2591726315,5.3040330128,5.3040330128,0.8457786965,0.0001000000,11,(x/2) - tan(2*x),Secant
3,5.3040330128,5.3223759977,5.3223759977,0.3446390278,0.0001000000,12,(x/2) - tan(2*x),Secant
3,5.3223759977,5.3175866629,5.3175866629,0.0900659463,0.0001000000,13,(x/2) - tan(2*x),Secant
3,5.3175866629,5.3179174272,5.3179174272,0.0062198087,0.0001000000,14,(x/2) - tan(2*x),Secant
3,5.3179174272,5.3179257259,5.3179257259,0.0001560510,0.0001000000,15,(x/2) - tan(2*x),Secant
3,5.3179257259,5.3179257105,5.3179257105,0.0000002898,0.0001000000,16,(x/2) - tan(2*x),Secant
4,10.2000000000,9.5661965004,9.5661965004,6.6254493051,0.0001000000,1,(x/2) - tan(2*x),Secant
4,9.5661965004,9.6248800347,9.6248800347,0.6097066563,0.0001000000,2,(x/2) - tan(2*x),Secant
4,9.6248800347,12.1241704229,12.1241704229,20.6141146247,0.0001000000,3,(x/2) - tan(2*x),Secant
4,12.1241704229,5.8331455107,5.8331455107,107.8496139124,0.0001000000,4,(x/2) - tan(2*x),Secant
4,5.8331455107,-2.6277912721,-2.6277912721,321.9790275056,0.0001000000,5,(x/2) - tan(2*x),Secant
4,-2.6277912721,0.8883483903,0.8883483903,395.8063864240,0.0001000000,6,(x/2) - tan(2*x),Secant
4,0.8883483903,-1.3545470303,-1.3545470303,165.5826907760,0.0001000000,7,(x/2) - tan(2*x),Secant
4,-1.3545470303,-0.9535911839,-0.9535911839,42.0469330203,0.0001000000,8,(x/2) - tan(2*x),Secant
4,-0.9535911839,-1.5623391945,-1.5623391945,38.9638826673,0.0001000000,9,(x/2) - tan(2*x),Secant
4,-1.5623391945,-1.7537249318,-1.7537249318,10.9130989588,0.0001000000,10,(x/2) - tan(2*x),Secant
4,-1.7537249318,-2.0642394269,-2.0642394269,15.0425619751,0.0001000000,11,(x/2) - tan(2*x),Secant
4,-2.0642394269,-1.9109717615,-1.9109717615,8.0204045089,0.0001000000,12,(x/2) - tan(2*x),Secant
4,-1.9109717615,-1.9466916455,-1.9466916455,1.8349020024,0.0001000000,13,(x/2) - tan(2*x),Secant
4,-1.9466916455,-1.9594100080,-1.9594100080,0.6490914326,0.0001000000,14,(x/2) - tan(2*x),Secant
4,-1.9594100080,-1.9581869617,-1.9581869617,0.0624580943,0.0001000000,15,(x/2) - tan(2*x),Secant
4,-1.9581869617,-1.9582176018,-1.9582176018,0.0015646924,0.0001000000,16,(x/2) - tan(2*x),Secant
4,-1.9582176018,-1.9582176841,-1.9582176841,0.0000042013,0.0001000000,17,(x/2) - tan(2*x),Secant
